comment,Label,Score,Sentiment
" shyness !!! Pure organic ! Hats up to singer duo .""",5 stars,0.49014660716056824,Very Positive
" Kabita your dancing is so nice and looking beautiful..wish you all the best forever....from UK""",5 stars,0.7141510844230652,Very Positive
" рдо рдкреНрд░рддрд┐рдХреНрд░рд┐рдпрд╛ рджрд┐рди рдЪрд╛рд╣рд┐рдиред рд╢реБрднрдХрд╛рдордирд╛ рд╕рдмреИ рдЯрд┐рдорд▓рд╛рдИ ЁЯТР""",5 stars,0.623855471611023,Very Positive
"рдЕрдирд┐ рдЕрдм рдирд┐рд░реНрджреЗрд╢рдирдорд╛ рдЕрдмреНрдмрд▓ рдЫреБ рднрдиреЗрд░ рдкреНрд░рдорд╛рдгрд┐рдд рдЧрд░рд┐рджрд┐рдП ! рдЕрдЮреНрдЬрд▓рд┐ рдЕрдзрд┐рдХрд╛рд░реА рдиреГрддреНрдпрд╛рдВрдЧрдирд╛ рдорд╛рддреНрд░реИ рд╣реИрдирди рдпрд╕реНрддрд╛ рдорди рдЫреБрдиреЗ  рдЕрднрд┐рдирдп рдЧрд░реНрди рдкрдирд┐ рдкреЛрдЦреНрдд рдЫрди рднрдиреЗрд░ рдпрд╢ рднрд┐рдбрд┐рдпреЛрдмрд╛рдЯ рд╕рд╛рдмрд┐рдд рд╣реБрдиреНрдЫ !!""",2 stars,0.3659124970436096,Negative
рддрд░рд╛рдИ рдХреЛрд╣рд┐ рдЫреИрди рдкрд░рд╛рдИ,3 stars,0.385151207447052,Neutral
" nice song and nice video тЭдя╕ПтЭдя╕ПтЭдя╕ПтЭдя╕ПтЭдя╕ПтЭдя╕ПтЭдя╕ПтЭдя╕ПтЭдя╕ПтЭдя╕П""",4 stars,0.4837186336517334,Positive
" рдХреБрд░рд┐рддрд┐ рдореБрд░реНрджрд╛рдмрд╛рджЁЯШв""",5 stars,0.30614835023880005,Very Positive
" no words to say..... Love it !!!""",5 stars,0.9016831517219543,Very Positive
 рд╕рдмреИрд▓реЗ рд╣реЗрд░реЗрд░ рдкреНрд░рддрд┐рдХреНрд░рд┐рдпрд╛ рджрд┐рдиреБ рд╣реЛрд▓рд╛! рдзрдиреНрдпрд╡рд╛рдж ,5 stars,0.446146160364151,Very Positive
 Choreography ani Lead dancers ko rythm,3 stars,0.36279743909835815,Neutral
" environment so well framed thanks to all unit and participants.""",5 stars,0.6516029834747314,Very Positive
" рдирд╛рдЪреМрдВ рдирд╛рдЪреМрдВ рдкрдирд┐ рд▓рд╛рдЧреНрдпреЛ рд░ рдШрд░рд┐рдШрд░рд┐ рд╣рд╛рдВрд╕реЛ рдкрдирд┐ рд▓рд╛рдпреЛ редред рдЧрдЬреНрдЬрдм""",5 stars,0.4928075671195984,Very Positive
"""",3 stars,0.22428537905216217,Neutral
"good""",4 stars,0.5031304955482483,Positive
" outstanding""",5 stars,0.8189399838447571,Very Positive
" kaise le e fake samaj Ka dar le vanna sakdena..""",2 stars,0.35031887888908386,Negative
" рдврд┐рд▓реЛрдЪрд╛рдБрдбреЛ рдпреЛ рдЕрд╡рд╕рд░ рдорд┐рд▓реНрдиреЗрдЫ редред""",5 stars,0.4362814724445343,Very Positive
" great going Prakash Saupt you have been talking folk songs tune to pop music as Nepathya did.""",5 stars,0.6365653872489929,Very Positive
"""",3 stars,0.22428537905216217,Neutral
" part 2 ЁЯОЙ""",4 stars,0.2936301529407501,Positive
"Aanjali Aadhikari sabai Jana lai congrtulation . mithoo xa Aawaz ani acting supope best of luck.""",1 star,0.4943571984767914,Very Negative
"saput""",1 star,0.2876809239387512,Very Negative
"well done and thank you for this""",5 stars,0.7194138765335083,Very Positive
"compose & real concept hats off to you guyzz entire team best wishes""",5 stars,0.5246244072914124,Very Positive
"ЁЯЩПрдЫредредред рдореЗрд░реЛ рдкреНрдпрд╛рд░реЛ рдкреНрд░рдХрд╛рд╢ рджрд╛рджрд╛ рд▓рд╛рдЗ рдиреНрдпрд╛рдиреЛ рдорд╛рдпрд╛ рдЫредред тЭдя╕ПтЭдя╕ПЁЯТЩтЭдя╕П""",5 stars,0.510741651058197,Very Positive
 Sabai le dhardhari ruwaYo ЁЯШнЁЯШн,3 stars,0.27842214703559875,Neutral
"рдХрддрд┐ рд░реБрди рдкрд░реНрдиреЗ рд╣реЛ редрдЕрдм рдкрдирд┐ рджрд╛рдЗ рдХреЛ рдлреБрдЯреЗрдХрд╛ рдЪреБрд░рд╛ рдЧреАрдд рдпрд╣рд┐ рдордВрд╕рд┐рд░ резрел рдЖрдЙрджреИ рдЫ рдЕрдирд┐ рддреНрдпрд╕рдорд╛ рдирд┐ рддреНрдпрд╕реИ рдХреМрддрд╣рд▓рд╛ рднреИ рд░рд╣реЗрдХреЛ рдЫредрд░ рдвреБрдХреНрдХ рдкрдирд┐ рдЫреБ рддреНрдпреЛ рдЧреАрдд рдкрдирд┐ рдмрдореНрдмреНрд▓рд╛рд╕реНрдЯ рд╣реБрдиреНрдЫ рд╢реБрднрдХрд╛рдордирд╛ рдореЗрд░реЛ рджрд╛рдЗ.....""",1 star,0.36030638217926025,Very Negative
" sojha ani sankat ma pareka ko faida uthauchhan. Tesma yo main female character ko k dosh..tyo situation ma puraune ta ti sabai khaate thula bhanauda haru hun. Kaslai chahi aafnu sareer bechera ramailo laagchha ra. Mero bichar ma ta sex worker bhanda ta hamra sirsha neta haru nai gayi gujreka chhan. Seriously great kudos to Prakashji for creating such an awesome song. I almost cried and really i connected with the main character. Well done. I support you Prakash ji. Keep up the good work.""",5 stars,0.38115835189819336,Very Positive
" рдзреИрд░реНрдпрддрд╛рд▓реЗ рд╕рдзреИ рд╕рдзреИ рд╕рдлрд▓рддрд╛рдХреЛ рд╢рд┐рдЦрд░ рдЪреБрдореЛрд╕реН ред рдзреЗрд░реИ рдзреЗрд░реИ рдзреЗрд░реИ рдзреЗрд░реИ рдзрдиреНрдпрд╡рд╛рдж рднрд╛рдЗ редред рд░рд╛рдореНрд░реЛ рдЕрддрд┐ рд░рд╛рдореНрд░реЛ рд╕реГрдЬрдирд╛рдХреЛ рд▓рд╛рдЧрд┐ редредредред""",5 stars,0.5602710843086243,Very Positive
 ,4 stars,0.2846148908138275,Positive
" bachera raja vayera auda ramro sangha tarif garaula...""",1 star,0.39725133776664734,Very Negative
" рдкреБрди рд╕рдлрд▓рддрд╛ рдХреЛ рд╕реБрднрдХрд╛рдордирд╛""",5 stars,0.39127087593078613,Very Positive
рдорд▓рд╛рдИ рдкрдирд┐ рдХреЗрд╣рд┐  рдХреВрд░рд╛ рдЧреНрд░рди рдорди рд▓рд╛рдЧреЗрдп,5 stars,0.3499106168746948,Very Positive
" рдпрд╕рдХреЛ рдЧреАрдд рд░ рдпрд╕рд▓рд╛рдИ рд╕рдмреИрд▓реЗ рдкреВрд░реНрдг рд░реВрдкрдорд╛ рдмрд╣рд┐рд╖реНрдХрд╛рд░ рдЧрд░реМрдБ ред рдЕрд╕реНрддрд┐рдХреЛ рдмреЛрддрд▓рдХреЛ рдЭрдЯрд╛рд░реЛ рдирдкреБрдЧреЗрдХреЛ рдЬрд╕реНрддреЛ рдЫред""",5 stars,0.47532662749290466,Very Positive
"рдЕрднрд┐рдирдп рд╢реЛрднрдирд┐рдп рдЫред рдордд рд╣реЗрд░реЗрд░ рдиреИ рдерд╛рдХреНрджреИрди рднрд╛рд╡реБрдХ  рдмрдирд╛рдЙрдЫ рдПрдХрдЫрд┐рди рддред""",3 stars,0.3473338782787323,Neutral
"  truthful and literally when I saw this my tears came out.ЁЯТЭЁЯТЦЁЯТЦЁЯТЦЁЯТЦ Best of the best song forever.ЁЯШнЁЯШжЁЯТЧЁЯТЦ""",5 stars,0.9074432849884033,Very Positive
"""",3 stars,0.22428537905216217,Neutral
"рд╕рдореНрдкреБрд░реНрдг рдИрдиреНрдЯрд╛рдпрд░ рдЯрд┐рдорд▓рд╛рдИ рдзреЗрд░реИ рдзреЗрд░реИ рд╢реБрднрдХрд╛рдордирд╛ !!ЁЯТСЁЯТЮЁЯТХЁЯТХЁЯТХЁЯТШЁЯТШЁЯШН""",5 stars,0.4366287589073181,Very Positive
 Man kai safa navaye so tyo jabo dhan ko k kaam ЁЯСНЁЯСНЁЯСНЁЯСН,3 stars,0.30644306540489197,Neutral
"рд╕реНрдЯреЛрд░рд┐ рдЯреЗрд▓рд┐рдЩреНредредрд╕реНрд╡рд╛рд░ рдЕрднрд┐рдирдп рд╕рдмреИ рдХреБрд░рд╛рдорд╛ рдЕрдмреНрдмрд▓""",5 stars,0.38998308777809143,Very Positive
"рдкреНрд░рдХрд╛рд╢ рд╕рдкреВрдд рдиреЗрдкрд╛рд▓реА рдЧрд┐рддрд╕рдВрдЩреНрдЧрд┐рдд рдХреНрд╖реЗрддреНрд░рдХреЛ рдзрд░реЛрд╣рд░ рдмрдирд┐рд╕рдХреЗрдХрд╛ рдЫреНрдиредрдПрдХ рдкрдЫрд┐ рдЕрд░реНрдХреЛ рдЧрд░реНрджреИ рд╣рд░реЗрдХ рд╕рд┐рд░реНрдЬрдирд╛ рд▓реЗ рдпрдерд╛рд░реНрде рд▓рд╛рдИ рдЪрд┐рддреНрд░рдг рдЧрд░реЗрдХрд╛ рд╣реБрдиреНрдЫреНрди рдЬрд╕рд▓реЗ рджреЗрд╢ рд░ рдЬрдирддрд╛рдХреЛ рдпрдерд╛рд░реНрдерд▓рд╛рдИ рдирд┐рд░реНрджрд┐рд╖реНрдЯ рдЧрд░рд┐рдПрдХреЛ рд╣реБрдиреНрдЫ редрдЖрдЧрд╛рдореА рдпрд╛рддреНрд░рд╛ рдердк рд╕реЮрд▓ рдПрд╡рдореН рдлрд▓рджрд╛рдпреА рдмрдиреБрди рд╣рд╛рд░реНрджрд┐рдХ рд╢реБрднрдХрд╛рдордирд╛ рдЫредрдкреНрд░рдХрд╛рд╢реН рджрд╛рдЗредЁЯЩПЁЯЗ│ЁЯЗ╡тЭдя╕ПЁЯТР""",5 stars,0.4335758686065674,Very Positive
"рдкрд░рдореНрдкрд░рд╛рд▓рд╛рдИ рдЬреЛрдЧрд╛рдЗрд░рд╛рдЦреНрдиреЗ рд░ рд╕рдорд╛рдЬрдХрд╛ рд╡рд┐рдХреГрддрд┐ рд╡рд┐рд╕рдВрдЧрддрд┐рд▓рд╛рдИ рдпрддрд┐ рдорд░реНрдорд╕реНрдкрд░реНрд╢реА рдврдВрдЧрд╡рд╛рдЯ рдкреНрд░рд╣рд╛рд░ рдЧрд░реА рдиреЗрдкрд╛рд▓реА рд▓реЛрдХ рд╕рдВрдЧреАрддрд▓рд╛рдИ рдХрд╛рдз рдерд╛рдкреЗрд░ рдирдпрд╛ рдкреБрд╕реНрддрд╛рдорд╛рдЭ рдЬреАрд╡рдиреНрдд рд░рд╛рдЦреАрд░рд╛рдЦреНрдиреЗ рддрдкрд╛рдЗрдХреЛ рдпреЛ рдпреЛрдЧрджрд╛рдирдХреЛ рднреЛрд▓рд┐ рдиреЗрдкрд╛рд▓реА рд▓реЛрдХ рд╕рдВрдЧреАрддрдХреЛ рдЗрддрд┐рд╣рд╛рд╕рд▓реЗ рдпреБрдЧреМрдпреБрдЧ рдЕрдорд░ рд╡рдирд╛рдЗрд░рд╛рдЦреНрдиреЗ рдЫредред""",5 stars,0.5419515371322632,Very Positive
" рддреЗрд╕реИрд▓реЗ рдмреЛрд▓ рдорд╛рдпрд╛ рднрдиреНрдиреВ рднрдХреЛ рднрдП рд░рд╛рдореНрд░реЛ рдЕрддрд┐рдиреИ""",3 stars,0.25377100706100464,Neutral
" рдкрд░реНрдмрдд рд░ рдЧреБрд▓реНрдореА рдЬрд┐рд▓реНрд▓рд╛рдХреЛ рдХреЛрд░рд╕ рдХрд▓рд╛рдХрд╛рд░рд╣рд░реБрд▓рд╛рдИ рдзреЗрд░реИ рдзреЗрд░реИ рдзрдиреНрдпрд╡рд╛рдж рддрдерд╛ рд╢реБрднрдХрд╛рдордирд╛ !  рдпрддрд┐ рд░рд╛рдореНрд░реЛ рдирд╛рдо рдЪрд▓реЗрдХрд╛ рдХрд▓рд╛рдХрд╛рд░рд╣рд░реБ рдкреНрд░рдХрд╛рд╢ рд╕рдкреБрдд рд░ рд╕реНрд╡рд╕реНрддрд┐рдорд╛ рдЦрдбреНрдХрд╛рд╕рдВрдЧ рдирд╛рдЪреНрди рдкрд╛рдЙрдиреБ рднрдпреЛ 'рд╡рд╕рдиреНрдд' рдЪрд▓рдЪрд┐рддреНрд░рдХреЛ рд╕рд╛рдБрдЭ рдкрд░реНрдпреЛ рдЭрдордХреНрдХ рдЧрд┐рддрдорд╛ рдпреЛ рдмрдбреЛ рдЦреБрд╢реАрдХреЛ рдХреБрд░рд╛ рд╣реЛред тЭдтЭдтЭд""",5 stars,0.2884204089641571,Very Positive
" for left a perfect lesson from filming.""",5 stars,0.47816383838653564,Very Positive
" yedi aatma haru sachai bhaye doshi lai yesari karwahi gardiye hunthyo.""",1 star,0.3415544629096985,Very Negative
" рдмрд╛рдзреНрдпрддрд╛рд▓рд╛рдЗ рдЙрдЬрд╛рдЧрд░ рдЧрд░рд┐ рдорди рд░реБрд╡рд╛рдЙрдиреЗ рдорд╛рд░реНрдорд┐рдХ рдЧрд┐рддрдХрд╛ рд╕рд░реНрдЬрдХ рдкреНрд░рдХрд╛рд╢ рд╕рдкреБрддрд▓рд╛рдЗ рдзрдиреНрдпрд╡рд╛рджредредред""",5 stars,0.2633107900619507,Very Positive
"kti ramro yo dohori geet GalbandiЁЯШНЁЯШН""",1 star,0.3148554265499115,Very Negative
"kala rw saskriti Kai jagrena.... Nepal...biswha prkhayti ka mukh Mai saput so proud of you ЁЯТХЁЯТХЁЯШН may god bless u ЁЯЩПЁЯЩП""",5 stars,0.651889443397522,Very Positive
" Prakash brother ЁЯОКЁЯОЙ""",5 stars,0.3569483757019043,Very Positive
"рд░ рдЖрдлреНрдиреИ рджреЗрд╢рдорд╛ рдорд░реНрдиреЗ рд░рд╣рд░ рдХрд╕реНрд▓рд╛рдЗ рдкреЛ рд╣реБрджреИрди рд╣реЛрд▓рд╛ рд░ред""",1 star,0.47369131445884705,Very Negative
" рдЕрдиреНрдЬрд▓реА рд░ рд╕рдмреИ рдЯрд┐рдо  рд▓рд╛рдЗ ред""",5 stars,0.36463457345962524,Very Positive
"рд╕рд╛рдЪрд┐рдиреИ рднрдиреНрдиреВ рдкрд░реНрджрд╛ рддрдкрд╛рдИрдХреЛ рдирд╛рдо рдкреНрд░рдХрд╛рд╢ рдЬреЛ рдЫ рдпреЗрд╕реИ рдЧрд░рд┐рдиреИ рдПрд╕ рд▓реЛрдЧ рд╕рдВрд╕реНрдХреГрддрд┐рдорд╛ рдЬрдЧрддрдорд╛ рдкреНрд░рдХрд╛рд╢ рдЫрд░реНрдиреБ рднрд╛рдХреЛ рдЫреНЁЯЩПЁЯЗ│ЁЯЗ╡ЁЯШКтЭдя╕П""",1 star,0.4274481236934662,Very Negative
"рд╡рд┐рднреЗрдж рдЕрддреНрдпрд╛рдЪрд╛рд░рдХреЛ рдмрд╛рд░реЗрдорд╛ рд╕рдЩреНрдЧрд┐рддрдХреЛ рдорд╛рдзреНрдпрдо рдмрд╛рдЯ рдмрд╛рд╣рд┐рд░ рд▓реНрдпрд╛рдЙрдиреБ рднрдПрдХреЛ рдЫ рддрдкрд╛рдИрдВ рдкреНрд░рддреА рдЙрдЪреНрдЪ рд╕рдореНрдорд╛рди рдЫтЭдтЭдтЭдтЭдтЭд""",5 stars,0.2309616357088089,Very Positive
"  We are not progressing as well. Am I right?ЁЯдФЁЯдФЁЯдФЁЯдФЁЯдФ""",2 stars,0.43536177277565,Negative
" рдЕрд▓реНрдореЛрдбрд╛ рез рдирдВ рдХреЛ рдЪреЛрд░ рд╕рдкреБрдд рдорд╛рд╣рд╛ рдЪреЛрд░ !""",1 star,0.41755545139312744,Very Negative
" Hajur haru lai manai dekhi dhanyabad. Music ko marfat bata hamro culture lai jiwit rakhnu bhako ma !""",1 star,0.5939949154853821,Very Negative
" рд╡рд┐рдХрд╛рд╕ рдПрд╡рдо рдкреНрд░рдЧрддреА рдХреЛ рд╕рдиреНрджреЗрд╢ рдореБрд▓рдХ рдЧреАрдд рджрд┐рдиреБ рднрдПрдХреЛ рдорд╛ рдореБрд░рд┐ рдореБрд░рд┐ рдмрдзрд╛рдИ рдЫЁЯМ╣ЁЯЗ│ЁЯЗ╡ЁЯМ╣рдкрд░рджреЗрд╢реАрдиреБрдХреЛ рдкрдЫрд╛рдбреА рдХреЛ рдХрдерд╛ЁЯСМЁЯСМЁЯСМЁЯСМ рд╕рдореНрдкреБрд░реНрдг рд╕рдореБрд╣ рдмрдзрд╛рдИ рдХреЛ рдкрд╛рддреНрд░ рд╣реБрдиреБрд╣реБрдиреНрдЫреНЁЯМ╣ЁЯМ╣ред рдЖрд╣рд╛ рдЕрддрд┐ рд╕реБрдиреНрджрд░ рд░рдЪрдирд╛ред рдЖрдЧрд╛рдореА рджрд┐рдирдорд╛ рддрдкрд╛рдИрдВрдХрд╛ рдХрджрдо рдкреНрд░рдЧрддреА рдкрдердорд╛ рд▓рд╛рдореНрдХрд┐ рд░рд╣реБрди рд╢реБрднрдХрд╛рдордирд╛ рдЫреНЁЯМ╣ред рдЧреАрдд рд╕рдВрдЧреАрдд рдХреНрд╖реЗрддреНрд░ рд▓рд╛рдИ рд╕рдзреИ рд╕рдлрд╛ рд░рд╛рдЦреНрдиреБ рд╣реЛрд▓рд╛ред ЁЯЗ│ЁЯЗ╡ЁЯЗ│ЁЯЗ╡ЁЯЗ│ЁЯЗ╡ЁЯЗ│ЁЯЗ╡ЁЯЗ│ЁЯЗ╡ЁЯЗ│ЁЯЗ╡ЁЯЗ│ЁЯЗ╡ЁЯЗоЁЯЗ│ЁЯЗоЁЯЗ│ЁЯЗ│ЁЯЗ╡ЁЯЗ│ЁЯЗ╡ЁЯМ╣ЁЯМ╣ЁЯМ╣ЁЯМ╣тЭдя╕ПтЭдя╕ПЁЯЗ│ЁЯЗ╡ЁЯЗ│ЁЯЗ╡""",5 stars,0.48728010058403015,Very Positive
" рдмреЛрд▓рд╛ рдорд╛рдпрд╛ реи рдЪрд╛рдбреИ рд╕реБрдиреНрди рд╣реЗрд░реНрди рдкрд╛рдЙрдБ  рдЧрд▓рдмрдиреНрджреА рдХреЛ рд╣рд╛рд░реНрджрд┐рдХ рд╢реБрднрдХрд╛рдордирд╛ рдЫред""",5 stars,0.26148733496665955,Very Positive
"рдХрддрд┐ рдорд┐рдареЛ рд╕реНрд╡рд░ рдЙрд╣рд╛рдБрдХреЛредрд╕рд╛рд░реИ рд░рд╛рдореНрд░реЛ ред""",5 stars,0.3723759651184082,Very Positive
" and different from other..тЭдтЭдтЭдтЬМтЬМтЬМ""",5 stars,0.3638896942138672,Very Positive
"wowoww nice song""",5 stars,0.6139971017837524,Very Positive
" рдЧрдЬрд▓рд╣рд░реБ рдмрдиреБрдиред рдЖрдиреНрддрд░рд┐рдХ рд░ рдмрд╛рд╣реНрдп рдкрд░реНрдпрдЯрди рдкреНрд░рд╡рд░реНрдзрдирдорд╛ рдзреЗрд░рдереЛрд░ рдЯреЗрд╡рд╛ рдкреБрдЧреЛрд╕ред рд╣рд╛рдореНрд░реЛ рддрд░реНрдлрдмрд╛рдЯ рдЪрд╛рд╣реАрдВ рдпреЛ рдкреНрд░рдпрд╛рд╕ рдирд┐рд░рдиреНрддрд░ рд░рд╣рдиреЗрдЫ рдХрд┐рдирдХрд┐ тАЬ рдкреНрд░рд┐рдп рдмрд╛рдЧрд▓реБрдЩтАЭ рдкрдирд┐ рддрдпрд╛рд░ рднреИрд╕рдХреЗрдХреЛ рдЫ ред ЁЯЩПЁЯШНЁЯЗ│ЁЯЗ╡""",5 stars,0.4416375756263733,Very Positive
"рддрд░рд╛рдИ рдХреЛрдЗ рдЫреИрди рдкрд░рд╛рдИредрдореЗрд░реЛ рдкрдирд┐ рд╣реИрди рд░ рдпреЛ рджреЗрд╢""",5 stars,0.46098020672798157,Very Positive
 рдХрд┐рд░рд┐рд╖реНрди рдЬрдЧрдд рдирд╛рдереМрдЙ рдкреНрд░реЗрдорд╛ рдирджреНрдзрд┐тЭгя╕П рдпреЗ  рдХреНрдпрд╛ рд╣реБрд╡рд╛  рдлрд▓рд╛рдо рд╕реЗ рдкрд╛рдирд┐ рдЖрдЧреИрдпрд╛ЁЯЩПрдЧрд╛рдордЫрд╛рдмрд┐ рдЦреЛрд▓ рдЧрдпрд╛ рдореЗрд░рд╛ тЭгя╕ПрдореЗрдирдЯрд┐ рдпреИ рдерд┐ЁЯШоЁЯЩИ,5 stars,0.3307761549949646,Very Positive
" bahini haru lai aani uni haru ko Nepal ma rahe ko sampurna pariwar lai yesto muto chhune geet. kamjor muto huneharu le ta sayed yo geet herna pani saknu hunna hola. pida jaslai pare ko chha uslai matra thaha hunchha ki yo geet ko bastabikta ra sahi pida. Ek phera yo geet hamro nepali politician haru le pani herdinu bhayo bhane thaha huntyo ki janata kamauna janda ko habikat kasto hunchha bhane ra. jyadai marmik chha. sabai Nepali ra rajnitik netrito lai chetana bhaya.""",1 star,0.5360645055770874,Very Negative
" Congratulation and keep it up.""",5 stars,0.5416568517684937,Very Positive
 рдорд╣рд┐рд▓рд╛ рдЕрдзрд┐рдХрд╛рд░ рдХрд░реНрдореАрдХреЛ рдЭрдбрдк ред рдкреНрд░рд╣рд░реАрд▓рд╛рдИ рдЫреБрдЯреНрдпрд╛рдЙрди рд╣рдореНрдореЗ рд╣рдореНрдореЗ редhttps://youtu.be/yXAB-knDn4w рдкреБрд░рд╛ рднрд┐рдбрд┐рдпреЛ рд╣реЗрд░реНрди рдХреНрд▓рд┐рдХ рдЧрд░реНрдиреБрд╣реЛрд╕реНред рд░ рд▓рдХрдбрд╛рдЙрди рд░  рдирд┐рд╖реЗрдзрд╛рдЬреНрдЮрд╛ рддреЛрдбрджреИ рдирд╛рдЯрдХ рджреЗрдЦрд╛рдЙрдиреЗ рдХрд▓рд╛рдХрд░реНрдореА рд░ рдЕрдзрд┐рдХрд╛рд░рдХрд░реНрдореА рдмрд┐рд░реБрджреНрдж рдирд┐рдпрдо рдЙрдиреНрд▓рдШрдирдХреЛ рдЖрд░реЛрдк рд╕рд╣рд┐рддрдХреЛ рдХрд╛рд░рдмрд╛рд╣реАрдХреЛ рдорд╛рдЧрдХреЛ рд▓рд╛рдЧрд┐ рдПрдХ рд╕реЗрдпрд░ рдЧрд░реНрдиреБрд╣реЛрд╕ред  ,5 stars,0.3670646548271179,Very Positive
" """" Kura bujnu parxa"""" ЁЯШГЁЯШДЁЯШГЁЯШГ. Beside geet xai ramro xa.""",1 star,0.41312873363494873,Very Negative
"nd music director?""",1 star,0.42339593172073364,Very Negative
"рд╕рд░реНрдм рднрд╡рддреБ рд╕рд░реНрдм рдордЩрдЧрд▓рдо""",5 stars,0.32807236909866333,Very Positive
"рдзрдиреНрдпрд╡рд╛рдж ЁЯЩПЁЯЩП""",5 stars,0.340964138507843,Very Positive
"ЁЯТНЁЯТНЁЯТНЁЯТНтЭгя╕ПтЭгя╕ПтЭгя╕ПЁЯНОЁЯНОЁЯЩПЁЯЩП""",5 stars,0.2638106942176819,Very Positive
" kekijiko acting superb salam x hajurlai yo geetle itihas rachnex""",5 stars,0.6987087726593018,Very Positive
" we need more ЁЯШК""",3 stars,0.2709377706050873,Neutral
" рдорди рдЕрдорд┐рд▓реЛ рдмрдирд╛рдЗрдпреЛ!!""",1 star,0.30951377749443054,Very Negative
" reality reveals.""",5 stars,0.30998754501342773,Very Positive
" best wishes Prakash ji and the entire team ЁЯЩПЁЯЩП""",5 stars,0.7067009210586548,Very Positive
рд╣реЗрд░реНрди рдорди рд▓рд╛рдЧреНрдиреЗ рдЧреАрдд рдкреНрд░рдХрд╛рд╢ рд╕рд░ рд╣рдЬреБрд░рдХрд╛реЗ,5 stars,0.392892986536026,Very Positive
"рд╣реГрджрдп рдЫреБрдиреА""",1 star,0.388557493686676,Very Negative
" рдерд╛рд╣реИ рднрдПрди..... тЭдя╕ПтЭдя╕ПтЭдя╕П""",2 stars,0.3675631880760193,Negative
" рд╕реНрд╡рд░ рдЕрдирд┐ рднрд┐рдбрд┐рдпреЛред рд╕рд▓рд╛рдо рдЫ рдкреНрд░рдХрд╛рд╢ рднрд╛рдЗ тЭд""",3 stars,0.27144283056259155,Neutral
"thanks prakash bro""",5 stars,0.39694565534591675,Very Positive
"074 views""",5 stars,0.3311561942100525,Very Positive
"рдЖрд╢рд╛ рдЫ рдЕрдЭреИ рдмреЗрдЬреЛрдб рдмреЗрдЬреЛрдб рдкреНрд░рд╕реНрддреБрддреА рд╣реЗрд░реНрди рдкрд╛рдИрдиреЗрдЫредЁЯЩПтЭдя╕ПрдЬрдп рд╣реЛрд╕ рджрд╛рдЗред""",2 stars,0.3551691174507141,Negative
"jai Nepal""",5 stars,0.23560450971126556,Very Positive
" рдХреЗ рдЫреЛрд░реЛ рдлрд░реНрдХреЗрд▓рд╛ЁЯдФЁЯдФ рдЧрд▓рдмрдиреНрджреА реи рдХреЛ рдкреНрд░рддреАрдХреНрд╖рд╛ рдХрдбрд╛ рд╣реБрдиреЗ рднреЛ рдмрд╛""",3 stars,0.2525938153266907,Neutral
" r acchal didi hajurlae sadai maya x""",1 star,0.39112696051597595,Very Negative
" gorkhali vanaudo sub India Ra British ko gulo safa gardai thikxa""",1 star,0.5207550525665283,Very Negative
" we love u prakash sir тЭдя╕ПЁЯЩПЁЯеА""",5 stars,0.7577322125434875,Very Positive
"tfftft""",5 stars,0.25677138566970825,Very Positive
"2""",3 stars,0.24794378876686096,Neutral
" рд╕рдмреИ рдкрд╛рдЦрд╛ рд▓рдЧрд╛рдИрдПрдХрд╛ рдорд╣рд╛рд░рд╛рдЬ рд╣рд░реБ рдорд╛рдерд┐ рдЖрдЙрдиреБ рдкрд░реНрджрдЫ ред рдЧрд┐рдд рд╕рдВрдЧреАрдд рдмрд╛рдЯ рд╢реАрдШреНрд░ рдЪреЗрддрдирд╛рдХреЛ рд╕реНрддрд░ рдЙрдард╛рдЙрди рд╕рдХрд┐рдиреНрдЫред рдЫреБрд╡рд╛рдЫреБрдд рдЙрдЪрдиреАрдЪ рдиреИ рд╣рд╛рдореНрд░реЛ рд╕рдорд╛рдЬ рдмрд┐рдХрд╛рд╕ рдХреЛ рдмрд╛рдзрдХ рд╣реЛред""",5 stars,0.5829553604125977,Very Positive
"singer ko upadi from my side""",1 star,0.340511292219162,Very Negative
"music dherai ramro song banexa.... huna ta yo  tha vako kura prakash da ko song ma naya khe twist hunxaЁЯШНЁЯШНЁЯШНЁЯШНЁЯШН ЁЯШН""",1 star,0.3316291272640228,Very Negative
" Prakash Ji""",1 star,0.21076929569244385,Very Negative
"рдлрд┐рд▓реНрдо рд▓рд╛рдИрди рддрд┐рд░ рднреИрд░рд╣реЗрдХреЛ рдмрд╛рд╕реНрддрдмрд┐рдХрддрд╛ рдЫрд░реНрд▓рдЩреНрдЧ рдЙрддрд╛рд░рд┐рдПрдХреЛ рдЫред рдХрдерд╛ рд╕рдВрдХрд▓рди  рдХрд░реНрддрд╛рд▓рд╛рдИ рд╕рд▓реМрдЯреН рдЫЁЯСНя╕П""",1 star,0.5310539603233337,Very Negative
" ati sambandansil""",3 stars,0.2546566426753998,Neutral
" dharai dhari ramro""",5 stars,0.24562211334705353,Very Positive
"""",3 stars,0.22428537905216217,Neutral
" prakask ko creation waooooo really salute you all. I always pray for your success  . Sadhai bhari hamilai asari nai refresh banaunu la""",5 stars,0.7085892558097839,Very Positive
"""",3 stars,0.22428537905216217,Neutral
director,4 stars,0.3157992959022522,Positive
"   рджрд╛рдЬреБрднрд╛рдЗ рд░ рджрд┐рджреА рдмрд╣рд┐рдиреАрд▓рд╛рдИ рдпрд╕ рдорд╣рд╛рди рдЪрд╛рдб  рд╡рд┐рдЬрдпрд╛ рджрд╢рдореАрдХреЛ рдЙрдкрд▓рдХреНрд╖реНрдпрдорд╛ рд╢реБрднрдХрд╛рдордирд╛ рд╡реНрдпрдХреНрдд рдЧрд░реНрджрдЫреБ редЁЯТУЁЯТУ""",5 stars,0.6948540806770325,Very Positive
" рд╣рд╛рд░реНрджрд┐рдХ рд╢реБрднрдХрд╛рдордирд╛ рднрд╛рдИ""",5 stars,0.4565674960613251,Very Positive
"рд░ рддреНрдпрд╕рд╛реЗ рдЧрд░реНрдиреЗ рдЬрд┐рд╡рдирдорд╛ рд╕рдзреИрдВ рд╕рдлрд▓ рднрд╛рдЫрдиред""",5 stars,0.6059421896934509,Very Positive
"nabujhne le ho birod garne""",1 star,0.3568982481956482,Very Negative
" concept creation taw kuraii xoddim""",3 stars,0.2257353961467743,Neutral
"тАвтАвтАв рд╕рдмреИ рдЯрд┐рдорд▓рд╛рдИ рдмрдзрд╛рдИ ред""",1 star,0.3873046040534973,Very Negative
" рд╕рдорд┐рдХреНрд╖реНрдпрд╛рд▓рд╛рдИ рджреЗрдЦрд╛рдПрдХреЛ рдкрд╛рд░реНрдЯ рд╕реБрдиреНрдиреБрд╕ рдЕрдирд┐ рдмреБрдЭреНрдиреБрд╕ ред ред   тЭд""",3 stars,0.25268226861953735,Neutral
" рд╕рд▓рд╛рдо рдЫ рдкреНрд░рдХрд╛рд╢ рд╕рдкреВрдд рдмрд╛рдЧреНрд▓реБрдЩреЗрдХреЛ рд╕рд╛рди""",5 stars,0.2522076666355133,Very Positive
"""",3 stars,0.22428537905216217,Neutral
"....""",1 star,0.22410163283348083,Very Negative
" gala cha baba creation ra concept chai babaall huncha..ekdam fida chu ma.""",2 stars,0.3439532518386841,Negative
 India.,5 stars,0.25377944111824036,Very Positive
"prakash saput is a person who explains the mentality of society with his power of words with his lyrics.. hats off to you gentlemen""",4 stars,0.33609068393707275,Positive
" рджреЗрд╡реА рдШрд░реНрддреА рдордЧрд░ рд░ рд╕рдореНрдкреВрд░реНрдг рдЯреАрдо рд╣рд░реВ рд▓рд╛рдИ ЁЯЩПЁЯЩПЁЯШНЁЯШН""",5 stars,0.5532078146934509,Very Positive
" рдЪреЗрддрдирд╛рдореБрд▓рдХ рдЕрдирд┐ рддрд┐рддреЛ рдпрдерд╛рд░реНрде рдмреЛрдХреЗрдХреЛ рдЧреАрддред рд╕рд╛рд╣реНрд░реИ рдорди рдкрд░реНтАНрдпреЛред рдкреНрд░рдХрд╛рд╢ рдЬреА рд▓рд╛рдИ рд╢реБрднрдХрд╛рдордирд╛ред""",5 stars,0.3188767433166504,Very Positive
" рднрд┐рдбрд┐рдпреЛ рд░рд╛рдореНрд░реЛ рддрд░ рдЕрдбрд┐рдпреЛ рд╕реБрдиреЗрд░ рдПрдХреЛрд╣реЛрд░рд┐рди  рдорди рд▓рд╛рдЧреНрдиреЗ рд╕реБрдиреНрджрд╛ . Love u prakash saput""",3 stars,0.30513259768486023,Neutral
" рд╕рдмреИрдорд╛ рдЕрдмреНрдмрд▓ рдЕрдм рдирд╛рдпрдХ рдмрдиреНрди рдмрд╛рдХреА рдорд╛рддреНрд░ рдлрд┐рд▓реНрдореА рдкрд░реНрджрд╛рдорд╛ редрдпрд╕реЛрдд рдЙрдиреА рд╕рджрдмрд╛рд╣рд╛рд░ рдирд╛рдпрдХ рдЗрд╕реНрдерд╛рдкрд┐рдд рднреИ рд╕рдХреЗрдХрд╛ рдЫреНрдиредsalute prakash.saput.рд╕рд╛рдЪреИ рд╕рдкреВрдд рд░рд╣реЗрдЫреМрдВ""",1 star,0.2982572615146637,Very Negative
"she has done magnificent job.""",5 stars,0.7159475088119507,Very Positive
" рддреИ рдкрдирд┐ рддрд┐рдореНрд░рд╛ рдпрд╛рддреНрд░рд╛ рдЬрд╛рд░рд┐ рдиреИ рдЫ  |рд╢реБрднрдХрд╛рдордирд╛ Samikshya Adhikari""",5 stars,0.32990628480911255,Very Positive
" genuine and informative and at the same time it is also fun to watch and listen. Ita very good song.ЁЯТЪЁЯТЪЁЯТЪ""",5 stars,0.5620359778404236,Very Positive
"рдЕрднрд┐рдирдп рд░ рд╕рдВрдЧреАрддрдХреЛ рдмреЗрдЬреЛрдб рдорд┐рд▓рд╛рди рдЫ редрдорд┐рдХреНрд╕рд┐рдЩрдорд╛ рдЕрд▓рд┐ рдорд┐рд▓рд╛рдПрдХреЛ рднрдП рдЕрдЭреИ рд░рд╛рдореНрд░реЛ рд╣реБрдиреЗ рдерд┐рдпреЛредрдЬрд╕реНрддреЛ рдзрди рдХрдорд╛рдЗ рд▓реНрдпрд╛рдЙрд▓ рднрдиреА рдЧрдПрдХрд╛ рдерд┐рдпреМ рдЙрдбреЗрд░ рдЕрдХрд╛рд╢рдорд╛ рднрдиреНрджрд╛ рдШрд░рдмрд╛рдЯ рдмрд┐рджрд╛ рднрдПрд░ рдирд┐рд╕реНрдХреЗрд░ рдЬрд╛рд╣рдЬрдо рдЙрдбреЗрдХреЛ рдЫреЛрдЯреЛ рдЭрд▓рдХ рдмрд┐рдорд╛рдирд╕реНрдерд╛рд▓рдмрд╛рдЯ рдмрд╛рд╣рд┐рд░ рд▓реНрдпрд╛рдЙрджреИ рдЧрд░реЗрдХреЛ real рд▓рд╛рд╕рдХреЛ рдмрд╛рдХрд╕ рдЕрдирд┐ рдШрд░рдорд╛ рд▓рдЧреЗрдкрдЫрд┐ рдЧрд╛рдЙрдБрд▓реЗ рд╕рд╣рд┐рддрдХреЛ reall рд░реБрд╡рд╛рдЗ рд▓рд╛рд╕рд▓рд╛рдИ рдореБрд╕рд╛рд░реНрджреИ рдЖрдорд╛ рдкрдирд┐ рд░реБрджреИ рдЭрдореНрдЯреЗрдХреЛ рджреГрд╢реНрдп рдЕрдиреНрддрд┐рдордХреЛ рдкреНрд░рдХрд╛рд╢ рд╕рдкреБрддрд▓реЗ рдЧрд╛рдПрдХреЛ рдЯреБрдХреНрдХрдорд╛ рдмрд╛рдмрд╛ рдпрд╛ рдХрд╛рдХрд╛ рджреЗрдЦрд┐рдПрдХреЛ рднрдП рдорд┐рд╕рд╛рдПрдХреЛ рднрдП  рдЕрдЭреИ рд░рд╛рдореНрд░реЛ рдмрдиреНрдиреЗ рдерд┐рдпреЛред""",2 stars,0.4442298412322998,Negative
" tei ni man bhardeina.""",1 star,0.3603474199771881,Very Negative
" """"рдЖрддреНрдорд╛рд╕рдореНрдорд╛рди рдмреЗрдЪреА рдмреЗрдЪреА рд╡рд┐рджреЗрд╢реАрдХреЛ рдЧреБрд▓рд╛рдотАж"""" рд░ рдордзреЗрд╕реАрд▓рд╛рдИ """"рдореЗрд░реЛ рдЬреАрд╡рди рд╕рд╛рдЗрдХрд▓рд╕рдВрдЧреИ рдереЛрддреНрд░реЛ рд╕рд┐рд╕реА рд▓реЗ рд▓реЗтАж"""" рднрдиреЗрд░ рдкреНрд░рд╕реНрддреБрдд рдЧрд░реЗрдХреЛ рдорд▓рд╛рдИ рдЖрдкрддреНрддрд┐рдЬрдирдХ рд▓рд╛рдЧреНрдпреЛ ред рдЧреАрдд рд╡реНрдпрдЩреНрдЧреНрдпрдХреЛ рд╢реИрд▓реАрдорд╛ рдкреНрд░рд╕реНрддреБрдд рдЧрд░реНрдиреБ рдард┐рдХреИ рд╣реЛ рддрд░ рдЕрд▓рд┐ рд╕рд┐рдорд╛ рдирд╛рдШреЗрдХреЛ рднрд╛рди рднрдпреЛ ред""",2 stars,0.30583658814430237,Negative
 рдЕрддрд┐ рдиреИ рдЙрддреНрдХреГрд╖реНрдЯ рдЧрд┐рдд рдЫ рдпрд╛реЗ ред рдпрд╕реНрддрд╛ рдЧрд┐рддрд╣рд░реВ рдмрд┐рд░рд▓реИ рдмрдиреНрдиреЗ рдЧрд░реНрджрдЫрдиреН ред ,2 stars,0.4081538915634155,Negative
рдирд┐рд░реНрдорд▓рд╛ рд▓реЗ рдкрдирд┐ реиреж рдмрд░реНрд╖ рдкрдЫреА рднрдпрдкрдиреА рдиреНрдпрд╛рдп рдкрд╛рдЙрдиреБрдкрд░реНрдЫ  редрдпрддрд┐  рдиреЗрдкрд╛рд▓ рдорд╛ рдиреНрдпрд╛рдп рджреАрд▓рд╛рдЙрдиреА рдЬреАрдЙрджреИ рднрдп реиреж рдШрдиреНрдЯрд╛ рдкрдирд┐ рд▓рд╛рдЧреНрджреИрди  ,1 star,0.3086794316768646,Very Negative
" tasta haru aafai gaya hunxa nii ramro song""",1 star,0.3605973720550537,Very Negative
"ЁЯСМЁЯСМЁЯСМЁЯТЮЁЯТЮЁЯТЮ""",5 stars,0.2638106942176819,Very Positive
" рд╕рд╛рд╣реНрд░реИ рдШрдЯ рд▓рд╛рдЧреНрдпреЛ ЁЯСНя╕ПЁЯСНя╕ПЁЯСНя╕П""",1 star,0.3878764510154724,Very Negative
 ,4 stars,0.2846148908138275,Positive
" Shanti shree n all team 10M+ views pugosЁЯЩПтЭдя╕П""",5 stars,0.6048381328582764,Very Positive
" рд╕рдБрдЧреАрдд рд░ рд╡рд┐рд╢реБрджреНрдз рдЕрднрд┐рдирдпрдХреЛ рд╕рдореНрдорд┐рд╢реНрд░рдг рдЕрдирд┐ рдиреЗрдкрд╛рд▓реА рдореМрд▓рд┐рдХрддрд╛рдХреЛ рдкреНрд░рддреАрдХ рдард╛рдиреНрджрдЫреБ!!!""",5 stars,0.4349497854709625,Very Positive
"рд╢рдмреНрдж рд╕рдмреИ рдЙрддреНрддрдо резрежреж/резрежрежтЭдтЭд""",1 star,0.345432847738266,Very Negative
" ..Video concept is very unique  which i love so much..Prakash brother you always stunning .kabu very much perfect to chill up the song..Really really lovely song . Congrats whole team and good luck""",5 stars,0.8273729085922241,Very Positive
рдпреБрд╡рд╛ рдкрд▓рд╛рдпрдирд▓рд╛рдИ рд▓рд┐рдПрд░ рд╣реБрдЬреБрд░ рдХреЛ рдЧрд┐рдд рдХрд╣рд┐рд▓реЗ рдЖрдЙрдБрдЫрд╣реЛрд▓рд╛ред  ,3 stars,0.2440790981054306,Neutral
" рд░ рд╕рдВрдЧрд┐рдд рдорд╛ lop You Parkash dai""",3 stars,0.2607564628124237,Neutral
" рдЕрдиреНрддрд┐рдо рдХреЛ рдХреНрд▓рд┐рдк рд▓реЗ рд╣рд░реНрд╖рдХреЛ рдЖрдЬ рдкрдирд┐ рдЭрд╛рд░реНрдпреЛред рдПрдХреНрджрдореИ рдкреНрд░рд┐рдп рдЧреАрддтЭд""",5 stars,0.7610980272293091,Very Positive
" comment & share please...!!!ЁЯШН https://www.youtube.com/watch?v=83qmmjdkIeA""",5 stars,0.31661051511764526,Very Positive
"560  ЁЯСПЁЯСПЁЯСП ЁЯСПЁЯСПЁЯСП""",5 stars,0.2570151686668396,Very Positive
" well done""",5 stars,0.5555890798568726,Very Positive
" рд╕рдлрд▓рддрд╛ рдХреЛ рдЕрдкрд╛рд░ рд╢реБрднрдХрд╛рдордирд╛ тЭдтЭдтЭдтЭд""",5 stars,0.6511613726615906,Very Positive
" you come with a bang which is I think the best about you. You never let people down. keep rocking тЭд""",5 stars,0.7971394658088684,Very Positive
"""",3 stars,0.22428537905216217,Neutral
" i have never heard such a patriotic song ever before""",5 stars,0.34541288018226624,Very Positive
"рдмрдзрд╛рдИ рдЫ рд╕рдкреБрддрдЬреАред""",3 stars,0.24634653329849243,Neutral
"тЭдя╕П""",5 stars,0.2638106942176819,Very Positive
" tara raj arkai le gariraxa yaha""",1 star,0.24791453778743744,Very Negative
" рдирд╛рдЯрдХ рд░ рдЕрднрд┐рдирдпрдорд╛ рд░реЛрдХреНрдиреЗ рдХреЛрд╣рд┐ рдЫреИрдиред рднрдмрд┐рд╕реНрдп рд╢реБрдиреНрджрд░ рджреЗрдЦрд┐рдПрдХреЛ рдЫред рд╕рдмреИ рдХрдбрд╛ рдкрд░рд┐рд╢реНрд░рдо рд╣реЛред рдпрд╢ рдЧрд┐рддрдмрд╛рдЯ рдЖрдлреНрдиреЛ рдмреБрд╡рд╛рд▓рд╛рдЗ рдордиреНрддреНрд░реАрдХреЛ рд╕рд┐рдВрд╣рд╛рд╕рдирдорд╛ рд░рд╛рдЦреЗрд░ рдмреБрд╡рд╛рдХреЛ рд╢рд┐рд░ рдард╛рдбреЛ рдкрд╛рд░реЗрдХрд╛ рдЫреНрди рд╕рдкреВрдд рд▓реЗред рдпреЛ рднрдиреНрджрд╛ рдареВрд▓реЛ рдЦреБрд╢реА рдХреЗ рд╣реБрдиреНрдЫ рд╣реЛрд▓рд╛ рд░ рдмреБрд╡рд╛ рдЖрдорд╛рд▓рд╛рдЗред рдЕрдЭреИ рдЙрдиреНрдирддреА рджреЗрдЦреНрди рдкрд╛рдЗрдпреЛрд╕ред рдмрдзрд╛рдЗ рд╕рдореНрдкреБрд░реНрдг рдЯрд┐рдорд▓рд╛рдЗред""",2 stars,0.27011531591415405,Negative
" рдЕрд░реБрд▓реЗ рдЬреЗ рдмреБрдЬреЛрд╕реН  рддреНрдпреЛ рдорд▓рд╛рдИ рдмрд╛рд▓ рднрдПрди good luck .""",5 stars,0.29309821128845215,Very Positive
" hold teem Lai derai derai badai xaЁЯЩПЁЯЩПЁЯЩП""",3 stars,0.21441274881362915,Neutral
"""",3 stars,0.22428537905216217,Neutral
рддрд░рд╛рдИ ,3 stars,0.3274160623550415,Neutral
"000 Views тЭдтЭдтЭд""",5 stars,0.33111777901649475,Very Positive
"рдирд┐рдХреИ рдЙрддреНрдХреГрд╖реНрдЯ рд▓рд╛рдЧреНрдпреЛ""",2 stars,0.3557647168636322,Negative
рджреЛрд╣реЛрд░реА рдЧрд╛рдЙрдиреЗ рд╣рд╛рдореНрд░реЛ рдЧрд╛рдБрдЙ рдШрд░рдХреЛ рдЧреМрд░рд╡ рдЕрдирд┐ рдзрдиреА рд╕рдВрдиреНрдХреГрддреА рдЭрд▓реНрдХрдиреЗ рдпреЛ рдкреНрд░рд╕реНрддреБрддреА рдЕрд╕рд╛рдзреНрдзреИ рдорди рдкрд░реНтАНрдпреЛ,2 stars,0.28294968605041504,Negative
" рдЕрд╛рдЬ рд╕рдореНрдо рдиреЗрдкрд╛рд▓ рдмрд╛рдЯ рдХреБрди рдиреЗрдкрд╛рд▓рд┐ рджреЗрд╢рдмрд╛рдЯ рдирд┐рдХрд╛рд▓рд┐рдпреЛ???""",1 star,0.46790024638175964,Very Negative
" рд╕рдВрдЧрд┐рддрдХрд╛рд░ рд╕рдореНрдкреБрд░реНрдг рдЯрд┐рдорд▓рд╛рдИ ред""",5 stars,0.5902262330055237,Very Positive
 accomplished singer and versatile musician. ,5 stars,0.7351661324501038,Very Positive
"рдЬрд╕реНрдХреЛ рдорди рдирдЫреБрдиреЗ рд╕рд╛рдпрдж рдХрдо рдиреИ рд╣реЛрд▓рд╛рди редрдпреЛ рдЧрд┐рдд рд╕реБрдиреНрджрд╛ рд░ рд╣реЗрд░реНрджрд╛ рдзреЗрд░реИ рднрд╛рд╡реБрдХ рднрдП редрд╣реЛрд▓ рдЯрд┐рдорд▓реЗ рд╕рд╛рд╣реНрд░реИ рд░рд╛рдореНрд░реЛ рдХрд╛рдо рдЧрд░реНрдиреБ рднрд╛рдХреЛ рдЫ рдзреЗрд░реИ рдзреЗрд░реИ рдзрдиреНрдпрд╡рд╛рдж ред   - рд╣рд╛рд▓  рдпреБ. рдп. рдИ. ред""",2 stars,0.38601160049438477,Negative
"ЁЯТРЁЯТРЁЯТРЁЯТРЁЯХ║ЁЯХ║ЁЯХ║ЁЯХ║ЁЯХ║ЁЯХ║ЁЯСМЁЯСМЁЯСМЁЯТЭ""",5 stars,0.2638106942176819,Very Positive
" рдЪрд╛рдБрдбреИ рез рдитАМтАМрдореНрдмрд░рдорд╛ рджреЗрдЦреНрди рдкрд╛рдЙрдБ рд╢реБрднрдХрд╛рдордирд╛ ..........""",5 stars,0.28738048672676086,Very Positive
" рднрд╛рд╡рдкреВрд░реНрдг рдЕрднрд┐рдирдп рд░ рдЖрдЦрд╛ рд░рд╕рд╛рдЙрдиреЛ рд▒реНрдкрд╕реНрддреБрддрд┐!!!!""",5 stars,0.448678582906723,Very Positive
рд╕рдХреНрд░рд╛рдЗрдм рдЧрд░реНрджрд┐рдиреБрд╣реЛрд▓рд╛ рд╣реИред,3 stars,0.2796914875507355,Neutral
" рд╢рд╛рдиреНрддреАрд╢реНрд░реА рдкрд░рд┐рдпрд╛рд░ рд▓рдЧрд╛рдпрдд рд╕рдореНрдкреБрдг Unit рд▓рд╛рдИ ....""",5 stars,0.49808263778686523,Very Positive
" рд▓реЛрдХ рд╕рдЩреНрдЧреАрдд рдХреЛ рдзреНрд░реБрд░реНрдм рддрд╛рд░рд╛ тнРЁЯМЯтЬи""",5 stars,0.42650848627090454,Very Positive
"рдЕрд╛рдЬрдХрд╛рд▓рдХреЛ рдХреЗрдЯреАрд╣рд░реБ рдкреНрд░рд╛рдп рдЬрддрд╛ рдирд╛рдлрд╛ рддреЗрддреИ рдореЛрдбрд┐рдиреНрдЫрди рд╕рдмреИ рд╡реНрдпрд╡рд╕рд╛рдпрд┐рдХ рднрдИрд╕рдХреЗ""",1 star,0.28368115425109863,Very Negative
"рд╕рд▓рд╛рдо рдЫрднрд╛рдЗ рд╢реНрд░реАрдЬрдирд╛рдХреЛ рд▓рд╛рдЧрд┐""",5 stars,0.32121363282203674,Very Positive
" always lenged""",5 stars,0.279477059841156,Very Positive
" рдиреНрдпрд╛рдп рджрд┐рди рдпрд╕рд░реА рдиреИ рдЖрддреНрдорд╛рд╣рд░реБрдХреЛ рдЬрдорд╛рдд рдЖрд╡реЛрд╕реНред рд╢реБрднрдХрд╛рдордирд╛ рдкреНрд░рдХрд╛рд╢ рд╕рд░ рдЕрдирд┐ рд╕рдореНрдкреВрд░реНрдг рдЯрд┐рдорд▓рд╛рдИредЁЯЩПЁЯЩПЁЯЩП""",5 stars,0.4434622526168823,Very Positive
" рдпрддрд┐ рдзреЗрд░реИ рд╕рдВрд╡рд╛рдж рдареАрдХ рд╣реЛрдЗрди ред рд╕рдордЧреНрд░рдорд╛ рдиреМрд▓реЛрдкрди рдЫ ред""",2 stars,0.2629149556159973,Negative
" man mutu ma baseko cha sabai ko. Thaha napai ma ra mero pariwar gun gunai raheko hunchum yo geet""",1 star,0.36533913016319275,Very Negative
" рдХреНрд╖рдорддрд╛ рд░ рддрдкрд╛рдИ рдХреЛ рд╕рд╛рдзрдирд╛рдХреЛ рдореЗрд╣рдирдд рдХреЛ рдЕрдкрдорд╛рди рдЧрд░реНрдиреБ рдЬрддрд┐рдХреИ рдард╛рдиреНрджрдЫреБред рдмрд╛рд╣реНрд░ рдорд┐рдиреЗрдЯ рдмрд╛рд╣реНрд░ рд╕реЗрдХреЗрдиреНрдб рдЬрд╕реНрддреИ рднреЛред рд╣реЛрдирд┐ рддрдкрд╛рдИ рд╣рд╛рдореНрд░реИ рд╣реЛ рдпреЛ рджреЗрд╢ред""",5 stars,0.5253577828407288,Very Positive
" parisrami dhukhi saila. Chitai milan hos saila ra saili ko.""",1 star,0.35999149084091187,Very Negative
" short but deep message and lastly the entry of Saput ji with sanitary pad is literally rocking""",2 stars,0.3293679356575012,Negative
"""",3 stars,0.22428537905216217,Neutral
"love ur all cistume style which matches with song I love it every song n wish u all the best for this song also.""",5 stars,0.8206825256347656,Very Positive
" yo geet jati barsa purano vayepani kaile marne xainaЁЯЩМЁЯП╗тЭдя╕ПтАНЁЯй╣""",1 star,0.3568958342075348,Very Negative
" рдЦреБрд╢реА рд▓рд╛рдЧреНрдпреЛ""",1 star,0.5561919212341309,Very Negative
" the song should be like this""",3 stars,0.2640925943851471,Neutral
"location and songs its self outstanding .congrz for another blockbuster for sure.""",5 stars,0.6081830263137817,Very Positive
"рд╣рд╛рдореА рд╕рдЧ рдкреНрд░рдХрд╛рд╢ рджрд╛рдИрд▓рд╛рдИ рдирдорди рдЧрд░реНрдиреЗ рд╢рдмреНрдж рдиреИ рдЫреИрдирди рдХрд┐рдирдХреА рдорд┐рдард╛ рд╢рдмреНрдж рдд рдкреНрд░рдХрд╛рд╢ рджрд╛рдЗ рд╕рдЧреИ рдЙрдХрд╛рд▓реА рдУрд░рд╛рд▓реА рдЧрд░рд┐рд░рд╣реЗрдХрд╛ рдЫрди ЁЯдФЁЯдФ""",2 stars,0.29993271827697754,Negative
" sabda nai painna tariff Garna parkash bro hajur koтЭдя╕ПтЭдя╕ПЁЯЩПЁЯЩПЁЯЩПЁЯЩП""",1 star,0.34502774477005005,Very Negative
" Jai Radhe krishnaтЭд""",2 stars,0.3153024911880493,Negative
"рд╣рд╛рд░реНрджрд┐рдХ рдмрдзрд╛рдЗ рддрдерд╛ рдЕрдкрд╛рд░ рд╕рдлрд▓рддрд╛рдХреЛ рд╢реБрднрдХрд╛рдордирд╛ рдкреНрд░рдХрд╛рд╢ рд╕рд░реН BEST TEEJ SONG !!!!!!!!!!!!!!!!!!!!!!!!!!!!!!!!!!!!!!!!!!!!""",5 stars,0.810295820236206,Very Positive
"рд░рд╛рдЬрдиреИрддрд┐рдХ рднрдиреНрджрд╛ рдкрдирд┐ рдорд╛рдерд┐ рд╣реБрдиреНрдЫ| рдореИрд▓реЗ рдд рд╕рдВрд╕рд╛рд░рдорд╛ рджреБрдИ рд╡рдЯрд╛ рдЬрд╛рддрд┐ рдорд╛рддреНрд░реИ рдЬрд╛рдиреЗ рдПрдХ рдорд╣рд┐рд▓рд╛ рдПрдХ рдкреБрд░реБрд╖ | рджреБрдИ рдЬрд╛рддрд┐ рдорд╣рд┐рд▓рд╛ рд░ рдкреБрд░реБрд╖ рд▓реЗ рдЧрд░реНрджрд╛рдиреИ рдЖрдЬ рд╕рдВрд╕рд╛рд░ рдЪрд▓реЗрдХреЛ рдЫ  | рдпреА рджреБрдИ рдЬрд╛рддрд┐рд▓рд╛рдИ рдореЗрд░реЛ рд╕рдореНрдорд╛рди рдЫ ЁЯЩПЁЯП╗""",5 stars,0.3883686065673828,Very Positive
"thank you prakash dae for amazing song""",5 stars,0.7806999087333679,Very Positive
" chadai 1 crore views hos""",1 star,0.5143312811851501,Very Negative
"  рдЕрднрд┐рдирдп   ред рдмрдзрд╛рдИ рддрде рд╢реБрднрдХрд╛рдордирд╛  ред рд╕рдореНрдкреБрд░реНрдг рд▓рд╛рдИ ред   рдо  рдХрддрд╛рд░ рдмрд╛рдЯ  ред рдЬрдм рдбрд┐рдЙрдЯреА рдмрд╛рдЯ рдХреЛрдард╛ рдорд╛  рдЖрдЙрдЫреБ  рд╣рд░реЗрдХ рджрд┐рди рдпреЛ рдЧрд┐рдд рд╣реЗрд░реЗрд░  рдирд┐рджрд╛рдЙрдиреЗ  рдмрд╛рдиреА рдкрд░рд┐рд╕рдХреНрдпреЛред""",5 stars,0.5045609474182129,Very Positive
" got to listen such an amazing typical song""",5 stars,0.7235159873962402,Very Positive
" рдХрд╣рд┐рд▓реНрдп рдЕрдирд╛рдЧрд░реАрдХ рд╕рдореБрд╣ рдЧрд░реНрджреИ рд╕рдорд╛рдЬ рдкрд░рд┐рдмрд░реНрддрди рдХреЛ рд▓рд╛рдЧреА рд╕рдВрджреЗрд╢ рдореБрд▓реНрдХ рдЧрд┐рдд рдЧрд╛рдКрджреИ рдЬрдирдорд╛рдирд╕ рдорд╛ рдмрд╕реНрди рд╕рдлрд▓ рдпреЛ рджреЗрд╢ рдХреЛ рдЬрд╝рд┐рдореНрдореЗрд╡рд╛рд░реА рдиреЗрдкрд╛рд▓реА рдирд╛рдЧрд░рд┐рдХ рд╣реБрди ред""",1 star,0.29388540983200073,Very Negative
" kailey garne desh ko laagi bhanerai euta jindagi sakine bho ЁЯе░""",1 star,0.392400860786438,Very Negative
a best lines ,5 stars,0.7036370635032654,Very Positive
"chanchale ani nakkaley""",1 star,0.28140321373939514,Very Negative
" рд╕рдВрдЩреНрдЧрд┐рддрдХреЛ рдпреЛрджреНрджрд╛тЩе)""",5 stars,0.4154476821422577,Very Positive
"рдмрдзрд╛рдИ рдЫ рдмреНрд░реЛ!!рд╕рдлрд▓рддрд╛ рдХреЛ рдХрд╛рдордирд╛""",5 stars,0.5486373901367188,Very Positive
" subha kamana parkas saput lai""",1 star,0.37719348073005676,Very Negative
" рдЖрдЬрдХреЛ рджрд┐рдирдорд╛ рдорд╛рддреНрд░   рднреЛрд▓рд┐ рдд  рдХрддрд┐ рд╣реЛ рдХрддрд┐""",3 stars,0.28334861993789673,Neutral
" рд╕реНрд╡рд░ рд░ рджреГрд╢реНрдп рдЪрд░рд┐рддреНрд░ рдкреНрд░рддрд┐ рдирд┐рдХреИ рдиреИ рдореЗрд╣рдирдд рднрдПрдХрд╛реЗ рдЫ ред рд╡рд╛рд╕реНрддрд╡рд┐рдХрддрд╛рдорд╛ рдЕрд╛рдзрд╛рд░рд░рд┐рдд рд╕рдордп рд╕рд╛рдиреНрджреГрднрд┐рдХрддрд╛рд▓реЗ рдорди рдЫрд╛реЗрдпрд╛реЗ ред""",4 stars,0.33483368158340454,Positive
"""",3 stars,0.22428537905216217,Neutral
" рд▓рдЧрд╛рдо рдорд╛рдпрд╛ рдЖрдЙрджреИрди рдпреЛ рдореМрдХрд╛ редредред рдЖрд╣рд╛ рдХреНрдпрд╛ рдореАрдареЛ рдЧрд┐рдд ЁЯТЦЁЯТЦЁЯТЦ""",5 stars,0.3223009407520294,Very Positive
"рдЕрддрд┐ рдорд╛рд░реНрдорд┐рдХ рд╢рдмреНрджрд▓реЗ рднрд░рд┐рдПрдХреЛ рдореАрдареЛ рдЧрд┐рдд рдкрд░реНрджреЗрд╕рд┐рдХреЛ рдмреЗрдерд╛рд▓рд╛рдИ рд╕рдореЗрдЯрд┐рдПрдХреЛ рдзреЗрд░реИ рд░рд╛рдореНрд░реЛ рдордиреИ рдЫреЛрдпреЛ""",2 stars,0.25973406434059143,Negative
"рдЪреЛрд░реА рдХреЗ рдЧрдгрддрдВрддреНрд░ рднрдиреЗрдХреЛ рдпрд╣рд┐ рд╣реЛ рд╕рд░реНрдХрд╛рд░ ?""",1 star,0.45905426144599915,Very Negative
" Good""",4 stars,0.5031304955482483,Positive
"рд░рд╣рди рд╕рд╣рди рдкреНрд░реЗрдорд┐ рд╕рдкреБрдд рдкреНрд░рдХрд╛рд╢ рд╕рдкреБрддред""",5 stars,0.31707698106765747,Very Positive
" рддрд┐рдореНрд▓рд╛рдИ рдХрд▓реНрд▓реЗ рднрдиреНрджрд┐рдпреЛ тЭд""",1 star,0.2691963016986847,Very Negative
" lagani surakxit""",1 star,0.5230010151863098,Very Negative
" рд╕рдиреНрд╕реНрдХреНрд░рд┐рддреА рд░ рд╕рдВрдЧреАрдд  рднрд░реЗрдХреЛ рдЧреАрдд рд╕реБрдиреНрджрд╛ рдЭрдиреИ рд░рд╛рдореНрд░реЛ рд╕рд╛рдереИ рднрд┐рдбрд┐рдпреЛ рд╣реЗрд░реНрджрд╛ рдЙрддрд┐рдиреИ рдордЬрд╛ редред рдЬрдПреЗ рдиреЗрдкрд╛рд▓ редредред""",5 stars,0.5461630821228027,Very Positive
" рдореЛрдбреЗрд▓ рдкреНрд░рддрд┐ рдЙрдЪреНрдЪ рд╕рдореНрдорд╛рдирдХрд╛ рд╕рд╛рдереИ рд╣рд╛рд░реНрджрд┐рдХ рдирдорди рдмреНрдпрдХреНрдд рдЧрд░реНрджрдЫреБредрдпрд╕ рдЙрддреНрдХреГрд╖реНрдЯ рд╢реНрд░реГрдЬрдирд╛рдХреЛ рд▓рд╛рдЧрд┐ред рдЖрдЧрд╛рдореА рджрд┐рдирд╣рд░реБрдорд╛ рдкрдирд┐ рдЕрдЭ рд╕рд╢рдХреНрдд рд╢реНрд░реГрдЬрдирд╛рдХреЛ рдЕрдкреЗрдХреНрд╖рд╛ рд░рд╛рдЦреНрджрдЫреМрдБредЁЯОЙЁЯОЙтЭд рдЖрд╢рд╛ рдЫ рдпрд╕ рдЧреАрдд рдЫрд┐рдЯреИ рдХреЛрд░реЛрдб рдХрд▓рдмрдорд╛ рдкреНрд░рд╡реЗрд╢ рдЧрд░реНрджреИ рдЫред рддреНрдпрд╕рдХреЛ рд▓рд╛рдЧрд┐ рдЕрдЧреНрд░рд┐рдо рдмрдзрд╛рдИ рддрдерд╛ рд╢реБрднрдХрд╛рдордирд╛ рд╡реНрдпрдХреНрдд рдЧрд░реНрджрдЫреБред рдпрд╕ рдЧреАрддрдорд╛ рдЖрдмрджреНрдз рд╕рдореНрдкреВрд░реНрдг рдЯрд┐рдорд▓рд╛рдИред""",5 stars,0.6144441366195679,Very Positive
"рд╢реБрднрдХрд╛рдордирд╛ рдкреБрд░реИ рдЯрд┐рдорд▓рд╛рдИ""",5 stars,0.31951043009757996,Very Positive
" ЁЯШК""",5 stars,0.2638106942176819,Very Positive
" Prakash Sir I Live Ur concept тЭдтЭдтЭдтЭдтЭдтЭдтЭдтЭдтЭдтЭдтЭдтЭдтЭдтЭдтЭдтЭдтЭдтЭдтЭдтЭдтЭдтЭдтЭд Deepak Puls Director Uttarakhand Music Industry ЁЯЩПЁЯЩПЁЯЩП""",5 stars,0.3872525990009308,Very Positive
"рд╕рдореБрджрд╛рдп рдХреЛ рдЙрддреНрдерд╛рдирдорд╛ рдмреЗрд░ рд▓рд╛рдЧреНрдиреЗ рдЫреИрди редрдЬрд╛рддреАрдп рджреНрд╡рдиреНрджреНрд╡ рдХреЛ рднрд╛рд╡рдирд╛рд▓реЗ рднрдиреНрджрд╛ рд╕рдордЧреНрд░ рд╕рдореНрдкреБрд░реНрдг  рдкрд┐рдЫрдбрд┐рдПрдХрд╛ рд╕рдорд╛рдЬ рдХреЛ рдЙрддреНрдерд╛рдирдХрд╛ рд▓рд╛рдЧрд┐ рдЕрдЭреИ рдпрд╕реНрддреИ рд╕реГрдЬрдирд╛ рд╣рд░реБрдХреЛ рдорд╛рдзреНрдпрдо рд▓реЗ рд╣рд╛рдореНрд░реЛ рд╕рдорд╛рдЬ рдорд╛ рдкрд░рд┐рд╡рд░реНрддрдирдХреЛ  рдлрджреНрдХреЛ рдорд╛рд░реНрдиреЗ рдЫред рдЖрдЧрд╛рдореА рджрд┐рди рд╣рд░реБ рдорд╛ рдкрдирд┐ рдпрд╣рд╛рдБрдХреЛ рдЕрд╣рдо рднреБрдорд┐рдХрд╛ рд░рд╣рд┐рд░рд╣рдиреЗрдЫ рднрдиреНрдиреЗ рдЕрдкреЗрдХреНрд╖рд╛ рдХрд╛ рд╕рд╛рде рдмрдзрд╛рдИ рддрдерд╛ рд╢реБрднрдХрд╛рдордирд╛  рдкреНрд░рдХрд╛рд╢ рдЬрд┐!!!""",5 stars,0.44468215107917786,Very Positive
" рдмрд▓рд╛рддреНрдХрд╛рд░реА рд▓рд╛рдИ рдореГрддреНрдпреБ рдХреЛ рд╕рдЬрд╛рдпрдХреЛ рдХрд╛рдиреБрди рдмрдиреЛрд╕ рд░ рдХрд╛рд░реНрдпрдиреНрд╡рдпрди рдкрдирд┐ рд╣реЛрд╕редредрд╕рдореНрдкреБрд░реНрдг рдЯрд┐рдорд▓рд╛рдИ рдирдордиредредред""",5 stars,0.3806026875972748,Very Positive
" рд╕рд╕рд╛рдирд╛ рдмрд╛рдмреБрдирд╛рдиреАрд╣рд░реБрд▓реЗ рд╕реБрдиреНрджрд╛ рдЙрдиреАрд╣рд░реБрд▓реЗ рдкреНрд░рдпреЛрдЧ рдЧрд░реНрд▓рд╛рдиреНред рдЧреАрддрд╣рд░реБ рд╕рднреНрдп рдмрдиреЗ рдХрд╕реЛ рд╣реЛрд▓рд╛рдиреН?""",3 stars,0.29077303409576416,Neutral
" рдЬрдп рдЧреАрдд - рдЬрдп рд╕рдВрдЧреАрддред""",5 stars,0.34095969796180725,Very Positive
" they also look like this ЁЯСОЁЯСО""",5 stars,0.5304317474365234,Very Positive
" рд╕рдореНрдкреВрд░реНрдг рдЯрд┐рдорд▓рд╛рдИ рд╕рдлрд▓рддрд╛рдХреЛ рд╢реБрднрдХрд╛рдордирд╛""",5 stars,0.5964792370796204,Very Positive
"""",3 stars,0.22428537905216217,Neutral
 рдЙрддреНрдкрд╛рджрдХ рддрдерд╛ рдкреНрд░рд╕реНрддреЛрддрд╛рд▓реЗ рдкрд╛рдЙрдиреЗ рд░реЛрдпрд▓реНрдЯреАрдорд╛ рдкреНрд░рдХрд╛рд╢ рд╕реБрдкрддрдХреИ рдЕрдзрд┐рдХрд╛рд░ рд░рд╣рдиреЗрдЫред рдпрд╕рдорд╛ рд╢рдореНрднреБ рд░рд╛рдЗрд▓реЗ рдХреБрдиреИ рдкрдирд┐ рджрд╛рдмреА рдЧрд░реНрди рдкрд╛рдЙрдиреЗ рдЫреИрдирдиреНред,3 stars,0.29322364926338196,Neutral
" рд╣реИрди рдХреЗ рднрд╛рдХреЛ рд╣реЛ рдорд▓рд╛рдИ""",5 stars,0.28604578971862793,Very Positive
" рдУрд╣реЛ рдпрд╕реНрддреЛ рд╣реБрджреИрдЫ рднрдиреЗрд░  рдорди рдвреБрдХ рдвреБрдХ рд╣реБрдиреЗ ред рдЕрдирд┐ рдлреЗрд░рд┐ рд╣реЗрд░реЗрдВ рд╕реБрдиреЗрдВ ред рд╣рд░реЗрдХ рдорди рд╣рд░реБрдХреЛ рдордирдорд╛ рдмрд┐рдЬреЛрд╕ рдХрд┐ рдпрд╕реНрддреЛ  рджреБрд╕реНрдХрд░реНрдо рдЧрд░реНрдиреБ рдЕрдШрд┐ рд╕рдореНрдЭрд┐рдпреЛрд╕ рдмрджрд▓рд╛ рдмрд░рд┐рд▓реИ редред""",2 stars,0.3011772930622101,Negative
" you can guess the music at his entry at the end of this song. He has left so many story incomplete like in рдлреБрдЯреЗрдХрд╛ рдЪреБрд░рд╛ or in рдпреЛ рджреЗрд╢ рдореЗрд░реЛ рдкрдирд┐ рд╣реЛрдЗрди ........................hope he will connet all those...................Like in Marvel Movies. #one love""",1 star,0.4495733082294464,Very Negative
"""",3 stars,0.22428537905216217,Neutral
" dalal ko matra""",3 stars,0.2687188684940338,Neutral
" ЁЯСМЁЯСМ""",5 stars,0.2638106942176819,Very Positive
"what a creation.""",5 stars,0.6412953734397888,Very Positive
" chester ko hul bata ako manxe. Yo video haru dhila heriyo tara kadak raixa""",1 star,0.41957125067710876,Very Negative
" We all are with you and keep going forward and bring such types of typical songs in the near future as well. God bless you!""",5 stars,0.7862232327461243,Very Positive
"""",3 stars,0.22428537905216217,Neutral
" рд▓рдЧрд╛рддрд╛рд░ рдЬрдирдЕрдзрд┐рдХрд╛рд░ рд░ рдЕрдирдЖрд╡рд╛рдЬ рдЙрдард┐рд░рд╣реЗрдХреЛ рдЫред""",1 star,0.39993762969970703,Very Negative
"""",3 stars,0.22428537905216217,Neutral
"story everything is amazing.what a creation !""",5 stars,0.8485443592071533,Very Positive
" рдореЗрд░реЛ рдЖрдлреНрдиреИ рдмреНрдпрдерд╛ рдмреЛрд▓реЗ рдЬрд╕реНрддреЛ рд▓рд╛рдЧреНрдпреЛ !! рдлреЗрд░рд┐ рдкрдирд┐ рд╕рд▓рд╛рдо рдпрд┐ рд╢реНрд░реГрдЬрдирд╢рд┐рд▓ рд╣рд╛рддрд▓рд╛рдИ !! рд▓рдЧрднрдЧ рей рдХрд░реЛрдб рдЬрдирддрд╛рдХреЛ рдХрдерд╛ рдмреЛрд▓реЗрдХреЛ рдЫ рдпрд╕рд▓реЗ !!""",1 star,0.5385557413101196,Very Negative
" kudos to all the team.""",5 stars,0.4377068877220154,Very Positive
" politics as well as every peoples.But very sad part nagativity wins n re-uploaded this video.Positivity le jitera desh ma kehi changes aaunu aasha thiyo.but let's see..eagerly waiting for part -2..""",1 star,0.4385390281677246,Very Negative
" рдЬрдирдпреБрджреНрдзрдХрд╛ рд╕рд╣рд╛рд░рд╛рдорд╛ рдорд╣рд▓ рдкреБрдЧреЗрдХрд╛ рдЖрддрдВрдХрдмрд╛рджреА рд╣рд░реБрд▓рд╛рдИ рд╣рд╛рдореНрд░рд╛ рдмрд╣рд╛рджреБрд░ рдЬрдирдпреЛрджреНрдзрд╛ рд╣рд░реБрд▓реЗ рдПрдХрджрд┐рди рд╕рдбрдХрдореИ рдереБрддреЗрд░ рд▓реНрдпрд╛рдЙрдиреЗ рдЫрдиреН ред рд░ рддреНрдпреЛ рд╡рд┐рд╡рд╛рджрд┐рдд рджреГрд╖реНрдпрдорд╛ рджреЗрдЦрд╛рдИрдПрдХреЛ рдЬрд╕реНрддреЛ рдирд┐рдпрддрд┐ рдмрд╛рд╕реНрддрд╡рд┐рдХрддрд╛рдорд╛ рдХреБрдиреИ рдмрд╣рд╛рджреБрд░ рдЪреЗрд▓реАрдХреЛ рдирд╣реЛрд╕реН ред тЭдя╕П""",1 star,0.4794294536113739,Very Negative
" рдЕрдкрд░рд╛рдз рдЧрд░реНрдиреБ рд╣рд╛реЗрдЗрди !""",1 star,0.4456738531589508,Very Negative
"рджреЗрд╢рдХреЛ рдЕрд╡рд╕реНрдерд╛ рдХреЗ рдЧрд░реНрдиреБ рдпрддреИ рдЫ рдХреБрд░рд╛ рдЧрд░реЗ рдХреБрд░рд╛рдХреЛ рджреБрдГрдЦ ЁЯШвЁЯШвЁЯШвЁЯШвЁЯШвЁЯШвЁЯШв""",1 star,0.28768718242645264,Very Negative
"mutu retne song""",3 stars,0.24057450890541077,Neutral
" рд╕рдорд╛рдЬрд▓рд╛рдИ рд╕рд╣реА рджрд┐рд╢рд╛рдирд┐рд░реНрджреЗрд╢ рджрд┐рдиреБрдХреЛ  рд╕рд╛рдерд╕рд╛рдереИ  рдордиреЛрд░рдЮреНрдЬрдирд╛рддреНрдордХ рдкреНрд░рджрд╛рди рдЧрд░реНрдиреБрднрдПрдХреЛ рдЫред""",5 stars,0.42437466979026794,Very Positive
" equality everything i can say Hats off to you mero daju lots of love тЭдя╕ПЁЯЗ│ЁЯЗ╡тЭдя╕П  I got tears in my eyes hearing this awesome song wowтЭдя╕П""",5 stars,0.8960149884223938,Very Positive
"concept.!тЭдjust perfect.!""",5 stars,0.8151040077209473,Very Positive
"ЁЯШВ""",5 stars,0.2638106942176819,Very Positive
" рд╕рдмреИ рдкрдХреНрд╖ рд░рд╛рдореНрд░реЛред""",5 stars,0.4617595374584198,Very Positive
"ЁЯСМЁЯСНя╕П""",5 stars,0.2638106942176819,Very Positive
" congratulation ЁЯОЙ to all creative team as well as artists.""",5 stars,0.6533541679382324,Very Positive
"рдЙрддреНрдХреГрд╖реНрдЯ рдЫтЭд""",5 stars,0.3120735287666321,Very Positive
"2080 рдХреЛ рд╣рд╛рд░реНрджрд┐рдХ рдордВрдЧрд▓рдордп рд╢реБрднрдХрд╛рдордирд╛ ЁЯЩПЁЯЩПЁЯЩПЁЯЩПЁЯМ╣ЁЯМ╣ЁЯМ╣ЁЯЩПЁЯМ╣""",5 stars,0.28540655970573425,Very Positive
" Licchhavi kaal bhanda aghi ko Kirati kaal ma jaat wa warna bewasta bhanne thiyena ani Raja janata ra panchayti milera chunne chalan thiyo . Paschim Nepal ma khas  haru bhitra pani jaat bewasta thiyena.""",1 star,0.4409938454627991,Very Negative
 Devi gharti and other members involved on making of this amazing song,5 stars,0.7020091414451599,Very Positive
" all the best reupload lai..""",5 stars,0.9041197896003723,Very Positive
"to be continued""",4 stars,0.32056134939193726,Positive
"""",3 stars,0.22428537905216217,Neutral
" wonderful тЭдЁЯЗ│ЁЯЗ╡ЁЯЗ│ЁЯЗ╡ЁЯЗ│ЁЯЗ╡ЁЯЗ│ЁЯЗ╡ЁЯЗ│ЁЯЗ╡ЁЯЗ│ЁЯЗ╡ЁЯЗ│ЁЯЗ╡ЁЯЗ│ЁЯЗ╡ЁЯЗ│ЁЯЗ╡ЁЯЗ│ЁЯЗ╡ЁЯЗ│ЁЯЗ╡ЁЯЗ│ЁЯЗ╡ЁЯЗ│ЁЯЗ╡ЁЯЗ│ЁЯЗ╡ЁЯЗ│ЁЯЗ╡ЁЯЗ│ЁЯЗ╡ЁЯЗ│ЁЯЗ╡ЁЯЗ│ЁЯЗ╡""",5 stars,0.794052243232727,Very Positive
" рдЧреАрдд рдорд╛ рдорд╛рддреНрд░реИ рд╕рд╛рдорд╛рди рдмреНрдпрд╛рд╣рд╛рд░ рднрдпреЛ ред рдорд╛рдиреНрдЫреЗ рдорд╛рдиреНрдЫреЗ рдПрдЙрдЯреИ рд╣реЛ рдлрд░рдХ рдХрд┐рди рднрдпреЛ ред рдкреНрд░рдХрд╛рд╕ рд╕рдкреБрдд рдХреЛ рдХреГрдпрд╛рдЯрд┐рдн рд╕реЛрдЪ рд▓рд╛рдИ рд╕рдореНрдорд╛рди !!""",1 star,0.2961100935935974,Very Negative
" рд▓реБрд░реБрд░реБ рд╣реБрд░реБрд░реБ рдХрд╛ рд╕рдВрдЧрд┐рддрдХрд╛рд░ рдПрдЙрдЯреИ рд╡реНрдпрдХреНрддрд┐ рд╣реБрдиреН рднрдиреЗрд░ ..ред""",1 star,0.3322082459926605,Very Negative
"sabi bibedko ahntay garau""",1 star,0.3026718497276306,Very Negative
" рдЕрдирд┐ рддреНрдпреЛ direction ЁЯЩПЁЯЩПЁЯЩПтЭдя╕ПтЭдя╕ПтЭдя╕П !! Hats off dear Prakash ji ....you r a true talent of Nepal...we r really proud of you.....God bless u all  team  рдореЗрд░реЛ рдкрдирд┐ рд╣реИрди рд░ рдпреЛ рджреЗрд╢ ?? love you all.....тЭдя╕ПтЭдя╕ПтЭдя╕ПтЭдя╕ПтЭдя╕ПтЭдя╕ПтЭдя╕ПтЭдя╕ПтЭдя╕ПтЭдя╕ПтЭдя╕ПтЭдя╕ПтЭдя╕ПтЭдя╕ПтЭдя╕ПтЭдя╕П""",5 stars,0.5806668400764465,Very Positive
" singing and much more the information ЁЯОЙ. Good тЭд keep it up @ prakash saput. Hats up""",4 stars,0.3692840337753296,Positive
 рдЧрд┐рдд рдмрд░реНрддрдорд╛рди рдкрд░рд┐рд╕реНрдерд┐рддрд┐ рд╕рдЩреНрдЧ рдорд┐рд▓реНрджреЛ редрдорди рдЫреЛрдпреЛ prakash рджрд╛рдИЁЯШе,1 star,0.27577078342437744,Very Negative
" bola maya dekhi herna lako kunai xutya xainaЁЯШНЁЯШНЁЯШН""",1 star,0.45541995763778687,Very Negative
" utaa jaa murdar hahah""",1 star,0.40798333287239075,Very Negative
" рд╣рд╛рдореА рдкрдирд┐ рдиреЗрдкрд╛рд▓реА рдЧреАрдд рд╕рдВрдЧреАрдд ad рд╕рд╣рд┐рдд рд╣реЗрд░реНрдЫреМрдВред""",5 stars,0.459684818983078,Very Positive
"dheri ramro x....""",1 star,0.36036479473114014,Very Negative
"рд╡рд╛рд╕реНрддрдмрд┐рдХ рд╕рд╛рдереИ рд╕рдорд╛рдЬрднрд┐рддреНрд░рдХрд╛ рдкреНрд░рддреНрдпреЗрдХ рдХреБрд░рд╛рд╣рд░реВрд▓рд╛рдИ рдЙрдЬрд╛рдЧрд░ рдЧрд░реЗрдХреЛ рдЫ рдпрд╕ рдЧрд┐рддрдорд╛редрдЦреИрд░ реи-рек  рдЬрдирд╛рд▓рд╛рдИ рдЪрд╛рд╣рд┐рдБ рдХрд┐рди рдорди рдирдкрд░реЗрдХреЛ рд╣реЛрд▓рд╛ред""",5 stars,0.4112032949924469,Very Positive
" waa part""",3 stars,0.24293598532676697,Neutral
"""",3 stars,0.22428537905216217,Neutral
" рд╡рд┐рд╡рд┐рдз рднрд╛рд╖рд┐рдХ рд╢реИрд▓рд┐рдХреЛ рдкреНрд░рдпреЛрдЧ рд╣реБрдиреБрдХреЛ рд╕рд╛рдереИ  рджреЗрд╕ рдкреНрд░реЗрдорд▓реЗ рдЕреЛрддреНрдкреНрд░реЛрдд рдЫ редрд╕рдмреИрдХреЛ рдордирдореБрдЯреБрдорд╛ рд╕рдЬрд┐рдиреЗ рдЫ ред""",5 stars,0.4488637447357178,Very Positive
" рдЫрд╛рдБрдпрд╛рдБрдХрди рд╕рдмреИ рдЙрддреНрдХреГрд╖реНрдЯ ред рдпрд╛реЗ рдЧрд┐рддрд▓реЗ рд╕рдВрд▓рдЧреНрди рд╕рдмреИрд▓рд╛рдЗ рдПрдЙрдЯрд╛ рдирдпрд╛рдБ рдЙрдЪрд╛рдЗ рджрд┐рдиреЗ рдЫ ред   рдзреЗрд░реИ рдзреЗрд░реИ рд╢реБрднрдХрд╛рдордирд╛ рд╕рдореНрдкреБрд░реНрдг рдЯрд┐рдорд▓рд╛рдЗ ред""",5 stars,0.6804137825965881,Very Positive
" how beautiful such songs can be. This is something really amazing. Can clearly feel the culture. Thanks for creation.""",5 stars,0.9011399149894714,Very Positive
"рд╕рд░рдбрдЙрдЧрдХрдкреЛрдкрдЗтЭдтЭдтЭдтЭд""",5 stars,0.2638106942176819,Very Positive
"рдХрд▓рд╛рддреНрдордХ рд░ рд╕рд╛рд╣рд┐рддреНрдпрд┐рдХ рдорд┐рд╢реНрд░рдгрд╡рд╛рдЯ рдирд┐рд░реНрдорд┐рдд рд╣реБрдиреНрдЫредЁЯОдтЭдя╕ПЁЯМ╣ЁЯСНя╕ПЁЯСНя╕П""",5 stars,0.4508388936519623,Very Positive
"this is reality which we  are facing all person who are working aboard and it is happening normally and you gave exact reality true meaningful creation in Nepali society..please Nepali people we would like to give big salute his inspiration and meaningful direction..wish you good luck and congratulation...prakash sir...we are proud of being Nepali!!!!""",5 stars,0.7367222309112549,Very Positive
"рдкрд▓рдЩ рд╣рд▓реНрд▓реЗрдХреЛ рджреЗрдЦреНрдиреЗ рдЬрддрд┐ рдПрддрд╛ЁЯШВЁЯдгЁЯШВ""",5 stars,0.23414558172225952,Very Positive
"4:18 burbak ЁЯШВЁЯШВЁЯСН""",1 star,0.279509961605072,Very Negative
" ACHAL and the entire team..""",5 stars,0.42803755402565,Very Positive
"""",3 stars,0.22428537905216217,Neutral
"'""",3 stars,0.2334604114294052,Neutral
" stay safe.""",5 stars,0.4267815351486206,Very Positive
"""",3 stars,0.22428537905216217,Neutral
" рдо рджреБрдмреИ рдмрд╛рдЯ ЁЯО╡ЁЯО╡""",2 stars,0.27859655022621155,Negative
" last Ko khod ma mato pare jasto.""",2 stars,0.32102546095848083,Negative
" Nisha ko medicade hola ra free vayahola haiЁЯШВ""",1 star,0.44842153787612915,Very Negative
" or in the common ruin of the contending classes.""",1 star,0.38136133551597595,Very Negative
" gau gharko yaad taja vayo""",1 star,0.34162548184394836,Very Negative
"rhythm was so fantastic and fablous.""",5 stars,0.8314530253410339,Very Positive
" what a beautyтЭдя╕ПтЭдя╕П""",5 stars,0.5556117296218872,Very Positive
 ЁЯШВЁЯШВ,5 stars,0.30857786536216736,Very Positive
рд░рд╛рддреЛ рд╕реНрдХреБрдЯрд░ рд░ рдбрд╛рдЗрдордиреНрдб рд▓рдЧрд╛рдЙрдиреЗ рдХреНрд╖рдорддрд╛ рд░рд╛рдЦреНрдЫрди!,5 stars,0.6729108691215515,Very Positive
" but Gita done fantastic job!!""",5 stars,0.43398913741111755,Very Positive
 prabhu bank ko marketing badhi dekhiyoтАж Yo matra haina sabai video maтАж,1 star,0.46163856983184814,Very Negative
" it feels just as fresh and captivating as the first time!""",5 stars,0.7557017207145691,Very Positive
" рдЬрдордШрдЯ рд╣реБрдБрджрд╛ рд╕рдзреИрдВ рдЭрдордХреНрдХ рд╕рд╛рдБрдЭ рдкрд░реЗрдХрд╛реЗ рдЕрдиреБрднреВрддрд┐ рд╕рдмреИрд▓рд╛рдЗ рд╣реБрдиреЗрдЫ ред""",2 stars,0.31784120202064514,Negative
" рдХрд▓рд╛рдХрд╛рд░ рд░ рдирд┐рд░реНрджреЗрд╢рдХ рдкрдирд┐ рд╣рдЬреБрд░ ЁЯШНЁЯШНтЭдя╕ПтЭдя╕ПЁЯШШЁЯШШ рдЕрдирд┐ рдЕрдиреНрдЬрд▓реА рдЕрдзрд┐рдХрд╛рд░реА ЁЯСМЁЯП╗ЁЯСМЁЯП╗ЁЯШШЁЯШШЁЯШШ""",3 stars,0.2499847114086151,Neutral
" рд╣реЛ рдЖрдЬ рдкрдирд┐ рднрдиреНрдЫреБ рдиреЗрдкрд╛рд▓реА рд╣реБрдиреБрдорд╛ рдЧрд░реНрд╡ рдЧрд░реНрдЫреБ ЁЯСН рдЬрдп рджреЗрд╢ рдЬрдп рдиреЗрдкрд╛рд▓ЁЯЗ│ЁЯЗ╡""",5 stars,0.4129530191421509,Very Positive
" рдЧрд┐рд░реНрдпреМ рдпрд╛рд░ рддрд┐рдореА рдореЗрд░реЛ рдирдЬрд░рдмрд╛рдЯред рдмрд╕рдиреНрдд рдЪрд▓рд╛рдЙрдиреЗ рдЯрд┐рдХреНрдбрдореН рд╣реЛрд▓рд╛ рддрд┐рдореНрд░реЛ рддрд░ рдЬрдирддрд╛рдХреЛ рдЖрдБрдЦрд╛ рдЦтАНреБрд▓рд┐рд╕рдХреЗрдХреЛ рдЫредтЬКтЬКтЬКЁЯЗ│ЁЯЗ╡ЁЯЗ│ЁЯЗ╡ЁЯЗ│ЁЯЗ╡ЁЯЗ│ЁЯЗ╡ЁЯЗ│ЁЯЗ╡""",1 star,0.47439172863960266,Very Negative
" best wishes for you and your team""",5 stars,0.6954050064086914,Very Positive
" mindblowing...""",1 star,0.5053098797798157,Very Negative
" that will be the slap on DICTATORS face. Well Done Prakash and TeamтЬКя╕ПтЬКя╕П""",5 stars,0.28837454319000244,Very Positive
" рдмрдзрд╛рдИ рдЫ""",3 stars,0.26601842045783997,Neutral
" to be proud""",5 stars,0.5298488736152649,Very Positive
"рдХрд░рд┐рд╕реНрдорд╛ рдЕрд╛рджрд┐ рджрд┐рджрд┐рд╣рд░реБрдХрд╛реЗ рдХрдерд╛ рдмрд╛реЗрд▓реЗ рдЬрд╕реНрддрд╛реЗ рд▓рд╛рдЧрд╛реЗЁЯШнЁЯШнЁЯШнЁЯШн""",3 stars,0.250546932220459,Neutral
"рдиреЗрддрд╛ рд╣рд░реБ рдХреЛ рдкрд░рд┐рд╡рд╛рд░ рд░ рдЖрдлрдиреНрдд рд╣рд░реБ рд╣реЛрд▓рд╛рди рд╣реИ ЁЯШВ""",5 stars,0.5477326512336731,Very Positive
" рдкреНрд░рдХрд╛рд╢ рд╕рдкреБрдд""",4 stars,0.24904781579971313,Positive
 no any promotion to drugs & still the best song!,5 stars,0.8568379282951355,Very Positive
"""",3 stars,0.22428537905216217,Neutral
" vocal everything is awesome. Appreciate it.""",5 stars,0.6592810750007629,Very Positive
" good luck.""",5 stars,0.3109618127346039,Very Positive
" рдирд╛рд░рд┐рд╣рд░реБрдХреЛ рдЕрдкрдорд╛рди рд░ рдкреБрд░реБрд╖рд╣рд░реБрдХреЛ рдЪрд░рд┐рддреНрд░рд╣реАрди рдЧрд░реНрдиреЗ рдпреЛ рдбрд╛рдХрд╛ рдХреЛ рдЧрд┐рддрд▓рд╛рдЗ рдмрд╣рд┐рд╖реНрдХрд╛рд░ рдЧрд░реМрдБ""",5 stars,0.34193599224090576,Very Positive
"""",3 stars,0.22428537905216217,Neutral
"?""",1 star,0.3627755343914032,Very Negative
" рдкреНрд░рддреНрдпреЗрдХ рдХрд▓рд╛рдХрд╛рд░ рддрдерд╛ рдкреНрд░рдХрд╛рд╢ рдЬреА рд▓рд╛рдИ рд╡рд┐рд╢реЗрд╖ рдзрдиреНрдпрд╡рд╛рдж ЁЯЩПЁЯЩПЁЯЩП""",5 stars,0.5977439284324646,Very Positive
"kasai ko aagraha ma """"NO"""" vanna nasakera  sankaspaad manche sanga aafno maan mari mari janu vayena .... We should all learn to say NO and stick on our decision .. Shout in public and learn to self defence without offending and hurting ego..",1 star,0.5001446008682251,Very Negative
"  rishi dhamala ko thaauma krishna kandel jasto manxe hunu parne thyo""",1 star,0.32195761799812317,Very Negative
" words change vayos.""",1 star,0.36672985553741455,Very Negative
" sensational and informative song with message ..hats off...keep on...""",5 stars,0.5480889081954956,Very Positive
"badhai x prakash dailai""",3 stars,0.2587379515171051,Neutral
 tapaiharuko career ko minus point ho yo!,3 stars,0.3351357579231262,Neutral
" рдПрдХреНрдЯрд┐рдЩ рд╣реЗрд░реЗрд░ ЁЯШФЁЯШЦЁЯШЦ""",5 stars,0.433080792427063,Very Positive
 by the content of their character and their contributions to society.,5 stars,0.45324286818504333,Very Positive
" рдпрд╣рд╛рдБрд▓рд╛рдИ рд╕рдореНрдорд╛рди ЁЯЩП""",5 stars,0.5761924982070923,Very Positive
"""",3 stars,0.22428537905216217,Neutral
"english music mix gareyo baula jasto nacheyo""",3 stars,0.2583428621292114,Neutral
" music lyrics everything i just love it....""",5 stars,0.7606963515281677,Very Positive
"рдо рд╕рдЩ рдкрдирд┐ рдЬреЛрдбрд┐рдПрд░ рд╕рд╛рде рд╕рдкреЛрд░реНрдЯ рдЧрд░рд┐рджрд┐рдиреБ рд╣реИ ЁЯЩП""",5 stars,0.3959816098213196,Very Positive
" рдЙрдореНрдореНрдореНрдореНрдореНрдорд╛ рд▓рдм рдпреБ рдЕрд▓""",3 stars,0.24153579771518707,Neutral
"рд╢рд╛рдиреНрддрд┐рд╢реНрд░реА рдкрд░рд┐рдпрд╛рд░ рддрдерд╛ рдкреНрд░рдХрд╛рд╢ рд╕рдкреБрдд рдХреЛ рдЬрд╛рджреБрдордпреА рдЖрд╡рд╛рдЬ рдорд╛ рдЬрдм рдкреНрд░рдХрд╛рд╢ рд╕рдкреБрддрдХреЛ рдкрд╣рд┐рд▓реЛ рдирд┐рд░реНрджреЗрд╢рдирдорд╛ рдмрдиреЗрдХреЛ рдореНрдпреБрдЬрд┐рдХ рднрд┐рдбрд┐рдпреЛ рд░ рддреНрдпрд╕рдорд╛ рдЕрднрд┐рдирдп рдЧрд░реНрдиреЗ рдЕрдиреНрдЬрд▓реА рдЕрдзрд┐рдХрд╛рд░реА рд▓рдЧрд╛рдпрдд рд╕рдореНрдкреВрд░реНрдг рдХрд▓рд╛рдХрд╛рд░рд╣рд░реБрдХреЛ рдЬрд┐рдмрдиреНрдд рдЕрднрд┐рдирдп рд╕рдореЗрдд рд╣реЗрд░реЗ .... рдЖрднрд╛рд░ рддрдерд╛ рдзрдиреНрдпрд╡рд╛рджрдХрд╛ рд▓рд╛рдЧрд┐ рд╢рдмреНрджрдХреЛрд╢рдХрд╛ рд╕рдореНрдкреВрд░реНрдг рд╢рдмреНрджрд╣рд░реБ рдкрдирд┐ рдЕрдкреБрдЧ рд╣реБрдиреНрдЫ рд╢рд╛рдпрдж .... рд╕рд▓рд╛рдо рд╕рдореНрдкреВрд░реНрдг рд╕рд░реНрдЬрдХ рд╕реНрд░рд╕реНрдЯрд╛ рд╣рд░реБрд▓рд╛рдИ...........""",2 stars,0.35666996240615845,Negative
" рдЕрднрд┐рдирдп рдкрд╕реНрдХрд┐рдиреЗ рд╣рд╛рдореНрд░реЛ рдкреНрд░рдХрд╛рд╢ рд╕рд░ рд╕рд╛рдЪреНрдЪрд┐рдХреИ attractive man рд╕рдлрд▓рддрд╛рдХреЛ рд╢реБрднрдХрд╛рдордирд╛ all unit рд▓рд╛рдИ""",5 stars,0.525041937828064,Very Positive
" рдкреНрд░рдХрд╛рд╢ рд╕рдкреБрддрдХреЛ рд╕рдкреЛрд░реНрдЯрд░ рдпрддрд╛ рд╣рд╛рдЬрд┐рд░ рд╣реЛрдФрдБ рдд ЁЯЩПЁЯЩПЁЯЩП""",1 star,0.3355120122432709,Very Negative
"vocal video acting everything is perfect.""",5 stars,0.7471750974655151,Very Positive
" ЁЯСМЁЯСМЁЯСМ and hair style Ekdum daamiЁЯСМЁЯСМ""",3 stars,0.23183587193489075,Neutral
"video dami ЁЯСМЁЯСМ""",5 stars,0.2203109711408615,Very Positive
" ЁЯТп masterpiece тЬия╕П""",5 stars,0.8117067217826843,Very Positive
"рджреЗрд╡рд┐ рдШрд░реНрддрд┐ рдХреЛ рд╕реБрд░рд┐рд▓реЛ рд╕реНрд╡рд░ рдЕрдирд┐ рдХреЗрдХрд┐ рдХреЛ рдЕрднрд┐рдирдп рд╡рд╛""",2 stars,0.338912695646286,Negative
"      рдореБрд░реНрдЦрд╛ ЁЯСИЁЯСИ ЁЯСИ рднрдиреНрди рд╕рдХрд┐рдиреНрдЫ редредтЬНя╕ПтЬНя╕ПтЬНя╕ПтЬНя╕П""",3 stars,0.27623334527015686,Neutral
"singer and all the characters in this music video all have put thier heart and soul to make such a good video.. The singer and lyrics are also v.very good ...I heard this singer's song for the first time and wow great work....""",5 stars,0.7430062890052795,Very Positive
 рд╢реНрд░рдо рдЪрд▓реНрдиреЗ рд╕рдмреИ рдЪрд▓реНрдиреЗ рддрд░ рдкрд╛рдиреА рдХрд┐рди рдирдЪрд▓реНрдиреЗ?,4 stars,0.3379325568675995,Positive
" рд╣рдЬреБрд░рдХреЛ рд╕рдЩреНрдЧрд┐рддрдорд╛ рджрд░реНрд╢рд╛рдХрдХреЛ рдЖрдБрд╕реБ рдЭрд╛рд░реНрдиреЗ Axtra рдХрд▓рд╛ рдЫрд╛ тЭдя╕ПтЭдя╕ПтЭдя╕П""",3 stars,0.24859625101089478,Neutral
" comment garna ko saile kei sunna nai bujnai pardai yo ho des parti ko mya ra des   bhati geet  sayed maile na suneko hunasakxu kunai gayek Sangeetcar ko kosaile des ko barema yeti mitho geet wow badhai xa daju anne sahavagi baner daju ko sath dinuvayekoma sabailai muri muri parnam lekhda galat huna sakxa sabda xute ma mafi chahanxu""",1 star,0.49688443541526794,Very Negative
"""",3 stars,0.22428537905216217,Neutral
" рдмрд╛рдзреНрдпрддрд╛ рд░ рдорд╛рдирд╡реАрдп рдмрд┐рдЪрд╛рд░ рдзрд╛рд░рдгрд╛рдХреЛ  рд╕рдЪрд┐рддреНрд░ рд╕реНрдкрд╖реНрдЯреАрдХрд░рдг рдкрд╛рдИрдиреНрдЫ""",4 stars,0.30516257882118225,Positive
" рддрдкрд╛рдИрдВрд╣рд░реВрд▓рд╛рдИ рд╣рд╛рдореНрд░реЛ рдпреЛ рдЧреАрдд рдордирдкрд░реНрдпреЛред рдлрд┐рд▓реНрдо рдкрдирд┐ рддреНрдпрддрд┐рдХреИ рд░рд╛рдореНрд░реЛ рдЫред рдмрд╕рдиреНрдд рдЪреИрдд реиреи рдорд╛редтЭдя╕П""",5 stars,0.5089345574378967,Very Positive
" рдЧрд╛рдпрдХреА рдЕрдирд┐ рднрд┐рдбрд┐рдпреЛ рдХрдиреНрд╕реЗрдкреНрдЯ рдФрдзреА рд░рд╛рдореНрд░реЛ рдЕрдирд┐ рд╕рдиреНрджреЗрд╢ рдореБрд▓рдХ рд▓рд╛рдЧреНрдпреЛ ред рдЧрд▓рдмрдиреНрджреАрдорд╛ рднрд╛рдЧреЗрдХреЛ рддреНрдпреЛ рд╕рд╛рдиреЛ рдЫреЛрд░реЛ рдареВрд▓реЛ рднрдПрдХреЛ рдпреЛ рднрд┐рдбрд┐рдпреЛрдорд╛ рджреЗрдЦрд╛рдЙрди рдЦреЛрдЬреЗрдХреЛ рдЬрд╕реНрддреЛ рдкрдирд┐ рд▓рд╛рдЧреНрдпреЛ ред""",3 stars,0.3331194818019867,Neutral
"  guys рд╣рд╛рдореНрд░реЛ Tik Tok рдиреЗрдкрд╛рд▓ channel рд▓рд╛рдИ рдкрдирд┐ рдорд╛рдпрд╛ рдЧрд░реЗрд░ Subscribe рдЧрд░рд┐рджрд┐рдиреБ рд╣реЛрд▓рд╛ plz""",1 star,0.3186497986316681,Very Negative
"рд╕реБрдиреНрджрд╛ рдорд╛рддреНрд░ рдкрдирд┐ рдПрдХрджрдореИ positive vibes рдЖрдЙрдиреЗ""",3 stars,0.2613484859466553,Neutral
"...""",3 stars,0.21933352947235107,Neutral
"2 gate Herne ko ko hununxa""",1 star,0.5434571504592896,Very Negative
" love U""",5 stars,0.6516953110694885,Very Positive
" yesto prativa ani yesto satye ghatana lai aaja samma kina bahira nanikaleko prakas ji aba yestai yestai git sangit nikalna paryo hajur""",1 star,0.3063186705112457,Very Negative
" рд╕рдмреИрдХреЛ рдорд╛рдпрд╛рд▓реЗ рдпрддрд┐ рд░рд╛рдореНрд░реЛ рдХрдореНрд╕реЗрдкреНрдд рдорд╛ рдЧреАрдд рдкрдирд┐  рд╣рд╛рдореАрд▓рд╛рдИ рдкрд╕реНрдХрд┐рдиреБ рд╣реБрдиреНрдЫ ред рдмрдзрд╛рдИ рдЫ рд╕рдореНрдкреВрд░реНрдг рдЯреАрдо рд▓рд╛рдИ рдирд┐рдХреИ рд░рд╛рдореНрд░реЛ""",5 stars,0.4034123420715332,Very Positive
" рдкреНрд░рдХрд╛рд╢ рд╕рдкреВрдд рдХреЛ рдкрдирд┐ рдЖрдлреНрдиреИ рдХрд┐рд╕рд┐рдо рдХреЛ рдЫредред ЁЯСМЁЯСМЁЯТЦЁЯТЦ рдмрд┐рд▓реНрдХреНрд▓реБрд▓ рд╕рд╣рдордд рдЫреБрдЗрди рдо рдЪреИ Copied рдЧрд░реЗрд░ рдмрдирд╛рдпреЛ рднрдиреНрдиреЗ рдорд╛ !!""",5 stars,0.48785197734832764,Very Positive
"&best wishes for whole team тЭд""",5 stars,0.6805111169815063,Very Positive
" рдЕрдирд┐ рджреГрд╖реНрдп рдХрд╛ рд╕рд╛рде рдЕрднрд┐рдирдп рдЭрдиреИ рд▓рд╛рдЬрд╡рд╛рдм ред рдЕрдиреНрддрдорд╛ рдпрддрд┐ рдорд╛рддреНрд░реИ рднрдиреЗ рдХрд┐ рдкреНрд░рдХрд╛рд╢ рдЧрд╛рдпрди рдХреНрд╖реЗрддреНрд░рдХрд╛ рд▓рд╛рдЧрд┐ рдорд╛рддреНрд░реИ рдирднрдПрд░ рдиреЗрдкрд╛рд▓рдХреЛ рдПрдХ рдорд╣рд╛рди рдХрд▓рд╛рдХрд╛рд░ рд╣реЛ""",3 stars,0.4595949053764343,Neutral
" рдо рд╣рд╛рдореА рд╕рдмреИрдХреЛ рдмреЛрд▓реА ред""",5 stars,0.3825359344482422,Very Positive
ЁЯТУЁЯТУЁЯТУЁЯТУЁЯТУЁЯТУ,5 stars,0.30857786536216736,Very Positive
" fantastic act and sweet voices. Well done Prakash saput.""",5 stars,0.8590968251228333,Very Positive
"рдЬреНрдпреЛрддреА рдордЧрд░рдХрд╛ рдлреНрдпрд╛рдирд╣рд░реБ рд╣реБрдиреБрдкрд░реНрдЫредред""",3 stars,0.22725750505924225,Neutral
" рд╢реБрднрдХрд╛рдордирд╛ ред""",5 stars,0.5129367709159851,Very Positive
"dherai dherai badhai cha tapailai prakash saput g""",1 star,0.3450952470302582,Very Negative
" very good music.""",5 stars,0.5854751467704773,Very Positive
" рднреНрд░рд╖реНрдЯрд╛рдЪрд╛рд░реА рдорд╛рддреНрд░ рдирднрдПрд░ рджреЗрд╢рдШрд╛рддреА рдиреИ рд╣реБрдиреН рднрдиреЗрд░ рдмреБрдЭреНрдиреБ рдЬрд░реВрд░реА рдЫред""",1 star,0.27073273062705994,Very Negative
" thank you !!! Good luck""",5 stars,0.38279205560684204,Very Positive
" lyrics n well directed video тЭдя╕ПтЭдя╕ПтЭдя╕ПтЭдя╕П""",4 stars,0.23923923075199127,Positive
"рджреЗрд╡реА рдШрд░реНрддреА рдордЧрд░ рд▓рд╛рдИ рд╕рдБрдЧреИ рдИрдиреНрджреНрд░рдгреА рдХреЛ рдХрд╛рд░реНрдпрдХреНрд░рдордорд╛ рд▓реНрдпрд╛рдЙрдиреБ рдкрд░реНрдЫ рднрдиреНрдиреЗ рдХреЛ рдХреЛ рд╣реБрдиреБрд╣реБрдиреНрдЫ ???ЁЯСЗЁЯСНЁЯСНЁЯЩПтЭгя╕П""",1 star,0.3378709554672241,Very Negative
" рдИрд░рд╛рдХ рджреЗрдЦрд┐ рд╣реЗрд░рдж рдИрдЫреБЁЯСНЁЯСНЁЯСМЁЯСМЁЯСМЁЯСМтЩея╕П""",5 stars,0.341880738735199,Very Positive
" рдЦрдмрд░рджрд╛рд░реА рдЬрд╕реНрддрд╛ рдЧреАрдд рд╣рд░реБ рд▓реЗ рдмрдЬрд╛рд░ рд▓реНрдпрд╛рдЙрдиреБ ред рдЬ рдкреНрд░рдХрд╛рд╢ рдкреНрд░рддрд┐ рдЙрдЪреНрдЪ рд╕рдореНрдорд╛рдитЭд""",5 stars,0.38604113459587097,Very Positive
" рдпреЛ рдорд╣рд┐рд▓рд╛ рдкрд╛рддреНрд░ рдХрд╕реНрддреЛ рд╣реБрдиреНрдЫ рднрдиреЗ  рдЖрдлреНрдиреЛ рдорд░реНрдЬрд┐рдорд╛ рдЬреАрд╡рди рдмрд╛рдЪреНрдиреЗ рд╕рдХрдореНрдмрд░реАрдХреЛ рдЖрдлреНрдиреИ рджреБрдирд┐рдпрд╛рдБ рдЫред рдК рдлрд░рдХ рдЫреЗред рддрд░реНрдХрд╢реАрд▓ рдЫреЗред рдЪреБрд░реЛрдЯрдХреЛ рдЕрдореНрдорд▓реА рдЫреЗред рдореБрдбреБрд▓реЛ рдЯрд╛рдЙрдХреЛрд▓реЗ рдЙрд╕рдХреЛ рдЙрдкрд╕реНрдерд┐рддрд┐рд▓рд╛рдИ рдлрд░рдХ рдмрдирд╛рдПрдХреЛ рдЫред""",4 stars,0.3697068989276886,Positive
" salute to his creativity""",5 stars,0.6341261267662048,Very Positive
" sabai manchhe kharab hudainan  kharab bhitra sabai pardainan""",1 star,0.39486679434776306,Very Negative
")рд╣рдЬреБрд░рдХреЛ рд╕рдмреИ рдЧреАрдд рдорди рдкрд░реНрдЫ рд╡рд╛ рд╡рд╛ рд╡рд╛ рдпреЛ рд╣реЛрдирд┐ рдЧреАрдд рддред""",5 stars,0.41347992420196533,Very Positive
"рдзреЗрд░реИ рдзреЗрд░реИ рдорд╛рдпрд╛ рдкреНрд░рдХрд╛рд╢ рд╕рдкреБрдд рдмреНрд░рджрд░ рд░ рд╕рдореВрд╣рд▓рд╛рдИ  рдзреЗрд░реИ рд░рд╛рдореНрд░реЛ рдЧреАрдд  best of luck teams Nepal тЭдя╕ПЁЯЗ│ЁЯЗ╡""",5 stars,0.4280056655406952,Very Positive
" heart touching""",5 stars,0.2895461916923523,Very Positive
"!!рдЧрд┐рдд рдорд╛рд░реНрдлрдд рд╕рдорд╛рдЬ рдкрд░рд┐рд╡рд░реНрддрди рдХреЛ рдЬреНрдпреЛрддрд┐ рдЫрд░реНрдиреЗ рдкреНрд░рдХрд╛рд╢ рд╕рдкреВрдд рд▓рд╛рдИ рдзреЗрд░реИ рдзреЗрд░реИ рдмрдзрд╛рдИ рдЕрдирд┐ рд╢реБрднрдХрд╛рдордирд╛ рдЫреНЁЯЩПЁЯЩПтЭдтЭдтЭдтЭдЁЯОЙЁЯОЙЁЯОЙ""",1 star,0.44336390495300293,Very Negative
" ЁЯСМ it is a masterpiece тЭдтЭдтЭд""",5 stars,0.7805700898170471,Very Positive
"рдШрд░ рд╕рдореНрдЭреЗрд░ рдирд░реЛрдПрдХреЛ рдХреБрдиреИ рдкрдирд┐ рдкрд▓ рднрдпрдиредред рдЕрддрд┐ рдиреИ рдорд░реНрдорд╕реНрдкрд░реНрд╢реА редред рдзрдиреНрдпрд╡рд╛рдж рдмреНрд░реЛ редред""",1 star,0.37461113929748535,Very Negative
" stay blessed and Best wishes""",5 stars,0.7474862933158875,Very Positive
"рд░рд╛рдореНрд░реЛ рдЪрд┐рддреНрд░рдг рдЧрд░реЗрдХрд╛ рд╣реБрдиреНрдЫреМред рд╕рдмреИ рдХреБрд░рд╛рдХреЛ рд░рд╛рдореНрд░рд╛ рдирд░рд╛рдореНрд░рд╛ рдкрдХреНрд╖рдд рднреИрд╣рд╛рд▓реНрдЫрди рддрд░ рд╕рдХрдореНрдмрд░рд┐рдорд╛ рддрд┐рдорд┐рд▓реЗ рдорд╛рддреНрд░ рдирд╛рд░рд┐рд▓рд╛рдИ рдЧрд▓рдд рджреЗрдЦрд╛рдпреЛ рднрдиреНрдиреЗ рдЖрд░реЛрдк рд╕рд╛рдорд╛рдЬрд┐рдХ рд╕рдВрдЬрд╛рд▓рдорд╛ рджреЗрдЦреНрдЫреБ рд░ рднрдиреНрди рдЪрд╛рд╣рд╛рдиреНрдЫ рдпрджрд┐ рдирд╛рд░реА рдорд╛рддреНрд░ рдЧрд▓рдд рджреЗрдЦрд╛рдпрдХреЛ рднрдп рддрд┐рдорд┐рд▓реЗ рдЖрдлреИрд▓реЗрдкрдиреА рдордЬрдмреБрд░рд┐рдХреЛ рдлрд╛рдИрджрд╛ рдЙрдард╛рдпрдХреЛ рджреГрд╢реНрдпрдкрдирд┐ рд╕рдорд╛рдмреЗрд╢ рдЧрд░реЗрдХреИрдЫреМ рд░ рдлреБрд▓рдорд╛рдпрд╛рд▓реЗ рдЕрдиреНрддрд┐рдордорд╛  рднрдиреЗрдХрд╛ рд╕рдмреИ рдХреБрд░рд╛рд╣рд░реБрд▓реЗ рддреНрдпреЛ рдХреБрд░рд╛рд▓рд╛рдИ рдЪрд┐рд░рд┐рд░рд╣реЗрдХреЛрдкрдиреА рдмрдбреЛ рдХреБрд╢рд▓рддрд╛ рдкреБрд░реНрд╡рдХ рдЪрд┐рддреНрд░рдг рдЧрд░реЗрдХреИрдЫреМ рд░ рднрд╛рдЧ рджреБрдЗрдХреЛрдкрдиреА рдЬрд┐рдХрд┐рд░ рднрдпрдХреИрдЫ рдЕрдм рднрд╛рдЧ рджреБрдЗрдорд╛ рдпреА рдЕрд╣рд┐рд▓реЗрдХрд╛ рдкреНрд░рд╢реНрдирд╣рд░реБрдХреЛ рд░рд╛рдореНрд░реЛ рдЬрд╡рд╛рдл рдорд┐рд▓реНрдиреЗрдЧрд░реА рд╕реГрдЬрдирд╛ рдЧрд░реНрдЫреМ рдиреИ рднрдиреНрдиреЗ рдЖрд╢рд╛рдкрдиреА рдЧрд░реЗрдХреЛрдЫреБред рд░рд╛рдЬрдирд┐рддрд┐рдорд╛ рд▓рд╛рдЧреЗрд░ рдХреБрдиреИ рдареВрд▓реЛ рдЕрд╣реЛрджрд╛рдорд╛ рдкреБрдЧреЗрд░ рдлреБрд▓рдорд╛рдпрд╛рд▓реЗ рд░рдВрдЧрдордЮреНрдЪрдорд╛ рд░рд╣реЗрдХреЛ рд╡рд┐рдХреГрддрд┐ рдкреНрд░рддреА рд▓рдЧрд╛рдо рд▓рдЧрд╛рдпрдХреЛ рд░ рддреЗрд╕реНрддрд╛ рд╕рдорд╛рдЬрдХреЛ рдкрд╛рддреНрд░рд╣рд░реБрд▓рд╛рдИ рдХрд▓рд╛рдХреЛ рд╕рдореНрдорд╛рди рдЧрд░реНрди рд╕рд┐рдХрд╛рдпрдХреЛ рджреЗрдЦрд╛рдИрдпреЛрд╕ рднрдиреНрдиреЗ рдЖрд╢рд╛ рдЧрд░реНрдЫреБ рднрд╛рдИ""",3 stars,0.3468877673149109,Neutral
"purai movie banera herda ta manchheharu marchhan2 jalera.wawoтАж.i wish you all the best bhaiтЭдя╕ПЁЯСПЁЯНА""",1 star,0.31192323565483093,Very Negative
 рдЬреБрди рд╣рд╛рдореНрд░реЛ рд╕рдорд╛рдЬрдХрд╛реЗ рд▓рд╛рдЧрд┐ рдЕрднрд┐рд╕рд╛рдк рдмрдиреЗрдХрд╛ рдЫрдиреНред рдЬрд╕рдХрд╛ рдХрд╛рд░рдг рдпрд╕реНрддрд╛ рдШрдЯрдирд╛рд╣рд░реБ рджрд┐рдирд╛рдиреБрджрд┐рди рдмрдвреНрджреИ рдЧрдПрдХрд╛ рдЫрдиреНред,5 stars,0.27535077929496765,Very Positive
" as well as anjali's splendid acting...Hat's off to the entire team..ЁЯСМЁЯСМЁЯдЩЁЯдЩЁЯдЩ""",5 stars,0.5717970132827759,Very Positive
"Kailali""",3 stars,0.2514840364456177,Neutral
" рдЧрд░реБрдЩрдЧреЛ рд░ рднрд╡реНрдп рдЕрдиреБрднрд╡ рд╣реЛ ред рддрд░ рдирд╕рдХрд┐рдиреЗ рд░реИрдЫ ред рдорд╛рдпрд╛ рд▓рд╛рдИ рдорд╛рдпрд╛ рдЬрддреНрддрд┐рдХреИ рдЧрд░реБрдЩрдЧреЛ рд╕рд┐рд░реНрдЬрдирд╛ рдЧрд░реНрди рдирд╕рдХрд┐рдиреЗ рд░реИрдЫ  ред рддреНрдпрд╕реИрд▓реЗ рдПрдЙрдЯрд╛ рд╣рд▓реНрдХрд╛ рдлреБрд▓реНрдХ....рдЧрд┐рдд рд╣рд╛реЗ""",3 stars,0.39301997423171997,Neutral
" рдмреНрд░рд╣реНрдорд╛ рдЬреНрдЮрд╛рдиреН рдмреНрд░рд╛рд╣реНрдордг ) ЁЯЗ│ЁЯЗ╡ЁЯЩПЁЯСП""",5 stars,0.3964778184890747,Very Positive
"рднреЗрджрднрд╛рд╡ рд╕рдорд╛рдЬ рдХреЛ рджреГрд╕реНрдЯреА рдорд╛ рдХреЗрд╣реА рдлреЗрд░ рдмрджрд▓ рд▓реНрдпрд╛рдЙрди рд╕рдХреНрдиреЗ рдкреНрд░рддреБрддреА рд╕рдореНрдкреБрд░реНрдг рд╕рдореВрд╣ рд▓рд╛рдИ рдпреЛ рдкреНрд░рддреБрддрд┐рдХреЛ рд▓рд╛рдЧрд┐ рдзрдиреНрдпрд╡рд╛рдж ред""",2 stars,0.28132352232933044,Negative
"рд╣рдЬреБрд░рдХреЛ рд╣рд░реЗрдХ рдЧрд┐рдд рд▓реЗ рдорди рдореБрдЯреБ рдЕрдирд┐ рджрд┐рдорд╛рдЦ рдЫреБрдиреНрдЫ""",2 stars,0.3190787434577942,Negative
"kusaskar ko Birudhama nirantar lagi rajane yak lokpreya sarjak.badhai cha""",1 star,0.5206007361412048,Very Negative
"congratulations to entire teamтЭдя╕ПЁЯШн""",5 stars,0.5369862914085388,Very Positive
" рдЬреБрди рдХреБрд░рд╛ рдХрд▓рд╛рддреНрдордХ рддрд░рд┐рдХрд╛рд▓реЗ рдкреНрд░рд╕реНрддреБрдд рдЧрд░реЗрдХрд╛ рдЫрдиреН рдХрд▓рд╛рдХрд╛рд░ рд╕рдкреБрддрд▓реЗ ред рдЕрдм рд╕рдХрд╛рд░рд╛рддреНрдордХ рдирдХрд╛рд░рд╛рддреНрдордХ рдЯрд┐рдкреНрдкрдгреАрдХреЛ рдХреБрд░рд╛ рдд рдЖрдЖрдлреНрдиреЛ рднреЛрдЧрд╛рдЗ рдЕрдирд┐ рдЪрд░рд┐рддреНрд░ рдПрд╡рдореН рдмреМрджреНрдзрд┐рдХ рдХреНрд╖рдорддрд╛рдорд╛ рднрд░ рдкрд░реНрдиреЗ рдХреБрд░рд╛ рд╣реЛ; рдХрд╕реНрд▓реЗ рдХрд╕рд░реА рдмреБрдЭреНрдЫ рддреНрдпрд╕рд░рд┐ рдиреИ рдмреНрдпрд╛рдЦреНрдпрд╛ рдЧрд░реНрдЫ ред рд╕рдорд╛рдЬрдХреЛ рдпрдерд╛рд░реНрде рдЪрд┐рддреНрд░рдг рдХрд▓рд╛рдорд╛рд░реНрдлрдд рдкреНрд░рд╕реНрддреБрдд рдЧрд░реНрди рд╕рдлрд▓ рд░ рд╕рдХреНрд╖рдо Prakash Saput рд▓рд╛рдИ рдЕрдЭ рдзреЗрд░реИ рд╕рдлрд▓рддрд╛рдХреЛ рд╢реБрднрдХрд╛рдордирд╛ ред #sakambari #рд╕рдХрдореНрдмрд░реА team best of luck.""",5 stars,0.26694998145103455,Very Positive
" рдкрд╛рд╡рд░рдХреЛ рджреБрд░реБрдкрдпреЛрдЧ рдЧрд░реНрдиреЗрд╣рд░реБрд▓рд╛рдЗ рдард╛рдбреИ рдЪреЗрддрд╛рд╡рдиреА рджрд┐рдиреБрднрдПрдХреЛ рдорд╛ред""",5 stars,0.30318427085876465,Very Positive
" pardieep khadkaЁЯд│ЁЯЗ│ЁЯЗ╡ЁЯЩП""",3 stars,0.25010547041893005,Neutral
" рдкреАрд░ рдкрдЫрд┐рдХрд╛реЗ рдЕрд░реНрдХрд╛реЗ рдЕрдкрд╛рд░ рд╕рдлрд▓рддрд╛ рд╕рдХрдореНрдмрд░реАрдХрд╛реЗ рд▓рд╛рдЧрд┐ рдХрд▓рд╛рдХрд╛рд░ рдкреНрд░рдХрд╛рд╢рдЬреАрд▓рд╛рдИ рдореБрд░реАрдореБрд░реА рдмрдзрд╛рдИ рдЫ ред рд╕рд╛рдирд╛ рд╕рд╛рдирд╛ рдореНрдпреБрдЬрд┐рдХ рднрд┐рдбрд┐рдпрд╛реЗрд╣рд░реБрдХрд╛реЗ рдЙрддреНрдХреГрд╖реНрдЯ рдкреНрд░рд╕реНрддреБрддреА рджрд┐рди рд╕рдХреНрдиреЗ рдкреНрд░рдХрд╛рд╢рдЬреАрд▓реЗ рдареВрд▓рд╛ рдмреНрдпрд╛рдирд░рдХрд╛ рд╕рд┐рдиреЗ рдЬрдЧрддрдорд╛ рдкрдирд┐ рд╕рдлрд▓рддрд╛ рд╣рд╛рд╕рд┐рд▓ рдЧрд░рд╛реЗрд╕реН рд╢реБрднрдХрд╛рдордирд╛ ред""",5 stars,0.41401463747024536,Very Positive
"рдЕрднреИ рдорди рднрд░рд┐рдПрдХреЛ рдЫреИрдиред""",1 star,0.35235580801963806,Very Negative
"рднрдпреЛ рдпрд╣рд╛рдБ рднрдиреНрджрд╛ рдзреЗрд░реИ рдмреЛрд▓реНрдиреИ рд╕рдХрд┐рди""",2 stars,0.2802099883556366,Negative
"рд╕рд╛рд░реЛ рдорди рд░реБрдиреНрдЫ рд╣реЛред""",3 stars,0.24534457921981812,Neutral
" too fit for Story ....love you""",2 stars,0.3715441823005676,Negative
" you are a strong lady keep ur head always highтЭдя╕П""",5 stars,0.7334789633750916,Very Positive
"this movie ЁЯН┐ to wonderful ЁЯднЁЯШнЁЯМ╣and real life ЁЯШнЁЯШн Nirmala panta ЁЯШнЁЯШнЁЯШнЁЯШнrest in place all sister who has rape""",5 stars,0.7613449096679688,Very Positive
" always my best artist badhai xa entire team lai safalta ko subhakamana""",5 stars,0.8364182710647583,Very Positive
"ЁЯСМЁЯСН""",5 stars,0.2638106942176819,Very Positive
" casting and all. Only singer I am a fan of""",4 stars,0.22001692652702332,Positive
" рдЙрдЪреНрдЫ рд╕рдлрд▓рддрд╛рдХреЛ рд╕реБрднрдХрд╛рдордирд╛!""",5 stars,0.6475309729576111,Very Positive
" рдкреБрдирдГ рдЖрдлреНрдиреЛ рд╕реНрдерд╛рди рдУрдЧрддреЗрд░реИ рдЫрд╛рдбреНрдпреЛ!!ЁЯШМтЭдя╕ПтЭдя╕П""",1 star,0.5082800984382629,Very Negative
" рд░рд╛рдЬреБ рдкрд░рд┐рдпрд╛рд░ рдЬрд╕реНрддрд╛ рдЧрд╛рдпрдХ рд╣рд░реВрдХреЛ рдЧреАрддрд▓реЗ рд╕рд╛рд░рд╛ рдиреЗрдкрд╛рд▓реАрдХреЛ рдорди рдЫреБрдиреНрдЫред""",5 stars,0.39625462889671326,Very Positive
 рддрд░ рдореЗрд░реЛ рд▓рд╛рдЧрд┐ рддреА рд╕рдмреИ рдЧреМрдг рд╣реБрдиреН ,3 stars,0.40667837858200073,Neutral
" рдХреБрдиреИ рдмрд┐рджреЗрд╢реАрд▓реЗ рд╣реИрди ред ЁЯЩПЁЯП╝ЁЯШЖЁЯШЖЁЯШнЁЯШн""",1 star,0.3163222372531891,Very Negative
"рдорд┐рдирд┐рд░рд▓ рд╡рд╛рдЯрд░ рд╕реБрдиреНрджрд╛ рд╕реБрдиреНрджрд╛ рд╡рд╛рдХреНрдХ рд▓рд╛рдЧреНрджрд╛ рдпрддрд┐ рд░рд╛рдореНрд░реЛ рд╢рдмреНрджрд▓реЗ рд╕рдмреИ рд╕рдорд┐рдЯрд┐рдПрдХреЛ рдЧрд┐рдд рдЕрд╛рдЙрджрд╛ рдХрд╛ рд╣реЛ рдХрд╛ рдЦреБрд╢рд┐ рд▓рд╛рдЧреНрдпреЛ      рд╢реБрднрдХрд╛рдордирд╛""",1 star,0.38465970754623413,Very Negative
"movie banauna Safal prakash sir.""",3 stars,0.2437921166419983,Neutral
"рдирд╛рд░рд╛рдпрдг рд░рд╛рдЗрдорд╛рдЭрд┐ рдЬреНрдпреБ  рд▓рдЧрд╛рдПрдд all рддрд┐рдореНрдореНрдорд╛рд▓рд╛рдЗ ЁЯТЛЁЯТЛЁЯТЛЁЯТЛЁЯТЛЁЯТЛЁЯТЛЁЯТЛЁЯТЛЁЯТЛЁЯТЛЁЯТШЁЯТШ""",1 star,0.29796886444091797,Very Negative
"рдмрд╕реНрддреБ рдпрд╕рд▓реЗ рдореЗрд░реЛ рдорд╛рддреНрд░ рд╣реИрди рдзреЗрд░реИ рдХреЛ рдорди рдирд┐ рдЫрд╛реЗрдПрдХрд╛реЗ рд╣реБрдиреБрдкрд░реНрдЫ рднрдиреНрдиреЗ рдЕрд╛рд╢рд╛ рд░рд╛рдЦреНрджрдЫреБ рдмрд▓рддрдХрд╛рд░ рдирдЧрд░реМрдВ рд░ рдЧрд░реНрдиреЗ рд╣рд░реБрд▓рд╛рдЗ рдХрдбрд╛ рднрдиреНрджрд╛ рдХрдбрд╛ рд╕рдЬрд╛рдп рджреЗрдЙ рд░ рджрд┐рд▓рд╛рдЙ рдкрдирд┐ ред #justicefornirmalapantaЁЯЩПЁЯЩП""",5 stars,0.42106151580810547,Very Positive
 рдЕрдЭ рдмрд┐рд╢реЗрд╖ рдЧрд░рд┐ рдкрдЮреНрдЪреЗрдмрд╛рдЬрд╛ рдЧрд┐рдд рд╣реБрдирд╛рд▓реЗ рдорди рдЫреЛрдпреЛЁЯШКЁЯШК ,5 stars,0.44729799032211304,Very Positive
" cheers bro""",1 star,0.32171890139579773,Very Negative
" @Prakash Saput""",1 star,0.2755230963230133,Very Negative
"ЁЯШнЁЯШнЁЯШнЁЯШнЁЯШнтЭдя╕ПтЭдя╕П""",5 stars,0.2638106942176819,Very Positive
"рдпрд╕рд░реА рдиреИ рдорд╛рдпрд╛ рдЧрд░реНрди рдкрд╛рдЙ рд╕рджреИ рднрд╛рд░реА""",5 stars,0.4030416011810303,Very Positive
" рдмрдирд╛рдПрдХрд╛ рдЫрдиреНред  ЁЯЩПЁЯП╜ЁЯЩПЁЯП╜ЁЯЩПЁЯП╜""",3 stars,0.2525763213634491,Neutral
" Prakash Saput and team""",4 stars,0.2951579988002777,Positive
"рдиреЗрдкрд╛рд▓реА рд╕рдорд╛рдЬрдХреЛ рддрд┐рддреЛ рдпрдерд╛рд░реНрдерд▓рд╛рдИ рдЧреАрддреА рд╕реИрд▓реАрдорд╛ рдЭрд▓реНрдХрд╛рдЙрди рд╕рдлрд▓ рдЧрд╛рдпрдХ рдкреНрд░рдХрд╛рд╢ рд╕рдкреБрдд рджрд╛рдЬреБрд▓рд╛рдИ рдзреЗрд░реИ рдзреЗрд░реИ рд╢реБрднрдХрд╛рдордирд╛""",5 stars,0.3736063241958618,Very Positive
i want to give thausand like.really heart touching,4 stars,0.2724176049232483,Positive
"рд╕рд╛рд╣рд┐рддреНрдпрдХрд╛рд░ рдкреБрдЧреНрдЫрди рднрдиреЗрд░редрд╕рд╛рдБрдЪреНрдЪрд┐рдХреИ рдЖрдЬ рдпреЛ рдЧрд┐рддрдХреЛ рд╢рдмреНрдж рд╕реНрд╡рд░ рдЕрдирд┐ рднрд┐рдбрд┐рдпреЛ рд╣реЗрд░реЗрд░ рдерд╛рд╣рд╛ рднреЛредрд╢рд╛рдиреНрддрд┐ рд╢реНрд░реА рдмреИрдирд┐рдХреЛ рддреНрдпреЛ рдХрд▓рд╛ рд░ рдЧрд▓рд╛рдХреЛ рдореБрдХреНрдд рдХрдиреНрдард▓реЗ рдкреНрд░рд╕рдВрдиреНрд╕рд╛ рдЧрд░реНрдиреИ рдкрд░реНрдЫредрдкреНрд░рдХрд╛рд╢реН рднрдиреЗрдХреЛ рдЬреНрдпреЛрддрд┐ рд╣реЛ  рдирд╛рдо рдЕрдиреБрд╕рд╛рд░рдХреЛ рдХрд╛рдо рдЧрд░реНрдиреБрднрдПрдХреЛ рдЫредрдиреЗрдкрд╛рд▓реА рдЧрд┐рдд рд╕рдВрдЩрд┐рдд рдХреНрд╖реЗрддреНрд░рдорд╛ред рдиреЗрдкрд╛рд▓рдХреЛ рдХреБрдирд╛ рдХрдиреНрджрд░рд╛рдорд╛ рдЦреЗрддрдмрд╛рд░рд┐рдорд╛ рдЫрд░рд┐рдкрд╕реНрдЯ рднрдПрдХрд╛ рд╕рдмреНрджрд╣рд░реБрд▓рд╛рдИ рд╕рдЩрд╛рд▓реЗрд░ рдЧрд┐рддрдорд╛ рдЙрддрд╛рд░реНрдиреБ рднрдПрдХреЛ рдЫредрдпреЛ рдХрд╛рдореНрдХреЛ рд▓рд╛рдЧрд┐ рд╕рд▓реНрдпреБрдЯ рдЧрд░реНрдЫреБ рддрдкрд╛рдИрдВ рд▓рд╛рдИредрд░ рдо рдпреЛ рднрд┐рдбрд┐рдпреЛ рд╣рд╛рд▓ рджреБрдмреИ рдмрд╛рдЯ рд╣реЗрд░реНрджреИрдЫреБредрдпреЛ рднрд┐рдбрд┐рдпреЛ рд╣реЗрд░реНрджрд╛ рдореИрд▓реЗ рддреНрдпреЛ рдмрд╛рдХрд╕ рднрд┐рддреНрд░ рдЖрдлреБрд▓рд╛рдИ рд░рд╛рдЦреЗрд░ рд╣реЗрд░реЗредрдЕрдирд┐ рдореИрд▓реЗ рдореЗрд░рд┐ рдШрд░рдорд╛ рднрдПрдХреА рд╢реНрд░реАрдорддреА рд▓рд╛рдИ  рд╕рдореНрдЬреЗ рдЖрдорд╛ рд▓рд╛рдИ рд╕рдореНрдЬреЗ рдирд╛рдиреАрд╣рд░реВ рд▓рд╛рдИ рд╕рдореНрдЬреЗ рдПрддрд┐ рднрд╛рд╡рдмрд┐рд╣рд▓ рднрдПрдЫреБ рдЖрдБрдЦрд╛рдорд╛ рдЖрдБрд╕реБ рдЖрдПрдХреЛ рдкрддреИ рдкрд╛рдПрдирдЫреБредрддрдкрд╛рдИрдВрдХреЛ рдпреЛ рдЧрд┐рдд рд╕рдВрдЩрд┐рдд рдХреНрд╖реЗрддреНрд░рдорд╛ рдЙрддреНрддрд░реЛрддреНрддрд░ рдкреНрд░рдЧрддрд┐ рд╣реЛрд╕ рдореЗрд░реЛ рд╕реБрдн рдХрд╛рдордирд╛ рдЫ рд╣рдЬреБрд░ рд▓рд╛рдИред""",5 stars,0.3085190951824188,Very Positive
 рд╕рд┐рдЩреНрдЧреЛ рджреЗрд╢ рд╕рдореНрдмреГрджреНрдз рд░ рдПрдХрдард┐рдХреНрдХрд╛ рд╣реБрдиреИ рд╕рдХреНрджреИрдиред ,4 stars,0.3116573691368103,Positive
"prakash daju proud of you тЭдтЭдтЭдтЭдтЭдтЭдтЭдтЭд""",5 stars,0.6209824085235596,Very Positive
"рел рдЬрдирд╛ рд╣рд╛рдирд┐ рдирдкрд░реНрдиреЗ рддрд░рд┐рдХрд╛рд▓реЗ рдЕрдЧрд╛рдбрд┐ рдмрдврдЙЁЯе░ЁЯе░ЁЯе░""",1 star,0.779363214969635,Very Negative
"рджреЗрдмрд┐ рдЬрд┐ рдорд╛ рдкрдирд┐ рдорд┐рдареЛ рд╕реНрд╡рд░рдХреЛ рд▓рд╛рдЧрд┐ рдмрдзрд╛рдИ рдЫ рдХреЗрдХрд┐ рдЬрд┐ рд╕рдлрд▓рддрд╛рдХреЛ рд▓рд╛рдЧрд┐ рд╕рд╣рдпреЛрдЧ рдЧрд░рд┐рджрд┐рдиреНрдЫреМ рд╕рдмреИрдорд╛  рдорд╛рдпрд╛""",3 stars,0.34579604864120483,Neutral
" special thanks to Prakash dai.""",5 stars,0.5972899198532104,Very Positive
"рдПрдХрддрд╛рдмрд╛рдЯрдиреИ рд╣рд╛рдореНрд░реЛ рджреЗрд╢ рдЕрдмреНрдмрд▓ рд╣реБрдиреЗ рд╣реЛредрдпрд╕рдХреЛ рд▓рд╛рдЧрд┐ рд╣рд░реЗрдХ рдмреНрдпрдХреНрддреАрд╣рд░реБрдорд╛ рджреЗрд╢рдкреНрд░реЗрдордХреЛ рднрд╛рд╡рдирд╛ рд╣реБрди рдЬрд░реБрд░реА рдЫ ред""",5 stars,0.4114236533641815,Very Positive
"""",3 stars,0.22428537905216217,Neutral
 рдкрд░ рдкрд░ рдЫреБ рдЕрдирд┐ рдЕрд╣рд┐рд▓реЗ рд╕рдХрдореНрдмрд░реА рдЙрд░реНрдл рдлреБрд▓рдорд╛рдпрд╛ ,3 stars,0.30525022745132446,Neutral
" good video""",4 stars,0.534781813621521,Positive
" love тЭдя╕Пprakash saputЁЯТЦЁЯТЦЁЯТЦЁЯТЦЁЯТЦЁЯТЦЁЯТЦЁЯШНЁЯШНЁЯШНЁЯШНЁЯШНЁЯШНЁЯШНЁЯШНЁЯШН""",5 stars,0.7458078265190125,Very Positive
" kati ramro message to everyone. Thank you so much prakash sir . Huge respect ЁЯЩПтЭд""",5 stars,0.8685128688812256,Very Positive
 рдмрдзрд╛рдИ рддрдерд╛ рд╢реБрднрдХрд╛рдордирд╛ рд╣реИ рд╕рдореНрдкреБрд░реНрдг рдЯрд┐рдо рд▓рд╛рдЗ ,5 stars,0.5370741486549377,Very Positive
" рд╕рдордп рд╕рд╛рдиреНрджрд░реНрднрд┐рдХ рдкреНрд░рд╕реНрддреБрддрд┐ рдХреЛ рд▓рд╛рдЧрд┐ рдирдорди ред рдзрдиреНрдпрд╡рд╛рдж рдорди рдирдкрд░рд╛рдИ рджрд┐рдиреБ рднрдПрдХреЛ рд╕рд╛рдереА рд╣рд░реБрд▓рд╛рдИ рдХрд┐рди рднрдиреЗ рдЙрд╣рд╛рдБ рд╣рд░реБ рдиреЗрдкрд╛рд▓реА рдиреИ рд╣реЛрдЗрди ред рдзрдиреНрдпрд╡рд╛рдж""",3 stars,0.30256029963493347,Neutral
"рдирдорд╕реНрдХрд╛рд░ред""",1 star,0.546229898929596,Very Negative
"рджреЗрд╢ рдмреЗрдЪреНрдиреБ рд▓рд╛рдЧрд┐ рдкрд░реНрдиреЗ !рд╣рддреНрдпрд╛рд░рд╛ !рдШреБрд╕реНрдпрд╛рд╣рд╛  рд╣реБрди""",1 star,0.49488508701324463,Very Negative
" рдордирдорд╛ рдЕрд░реНрдХреЛ рдЬрд┐рдЬреНрдЮрд╛рд╕рд╛ рдЬрд╛рдЧреНрдпреЛ рдХрд┐ рдмреЛрд▓ рдорд╛рдпрд╛ реи рдХрд╕реНрддреЛ рд╣реБрдиреНрдЫ рд╣реЛрд▓рд╛ ? рд╕реБрдн рдХрд╛рдордирд╛ рдкреНрд░рдХрд╛рд╢ рд╕рд░""",2 stars,0.32062971591949463,Negative
"saty kura kaha pachaun sakxn t""",3 stars,0.24658256769180298,Neutral
"""""Jaye geet Jaye sangeet""""""",5 stars,0.23191195726394653,Very Positive
" 10 M in a week. Please. Like if you agree.""",1 star,0.35803693532943726,Very Negative
" Santi shree & Anjali... great""",5 stars,0.7260822057723999,Very Positive
" ani tape recorder ustai ufff mannai parxa choreographer lai ЁЯдЩЁЯдЯ""",1 star,0.24245081841945648,Very Negative
" рд╕рдВрд╕реНрдХреГрддрд┐рд▓рд╛рдИ рдЧреАрддрд╕рдЩреНрдЧреАрдд рдорд╛рд░реНрдлрдд рдЙрдЬрд╛рдЧрд░ рдЧрд░реНрдиреБрднрдПрдХреЛрдорд╛ рд╣рд╛рд░реНрджрд┐рдХ рдмрдзрд╛рдИ !""",5 stars,0.2949957549571991,Very Positive
"""",3 stars,0.22428537905216217,Neutral
" I like it. thank you for this to entire team.""",5 stars,0.5515875816345215,Very Positive
"рд╕реБрджрд░ рдмрд╕реНрддреБрдХреЛ рдЖрдХрд╛рд░ рдмрдирд╛рдЙрдиреБрд╣реБрдиреНрдЫ рдирд┐ рдпрд╕рд░рд┐рдиреИ рдкреНрд░рдХрд╛рд╢ рджрд╛рдЬреБрд▓реЗ рдЖрдореНрдиреЛ рдЧрд▓рд╛ рдЕрдирд┐ рдХрд▓рд╛рд▓реЗ рдкрдирд┐ рдЙрддрд┐рдХреИ рдиреЗрдкрд╛рд▓реА рд╕рдВрдЧреАрдд рдмрдЬрд╛рд░реНрдорд╛ рдирдпрд╛ рдЖрдпрд╛рдо рдердкреНрдиреБ рднрдпрдХреЛ рдЫредрдЕрдирд┐ рдпрд╣рд┐ рдорд╛рдирд┐рд╕реНрдХреЛ рдкреНрд░рдЧрддреА рджреЗрдЦреЗрдкрдЫреА рдЬрд▓рди рднрдпреЗрд░ рдЕрдм рд╕реБрд░реБ рд╣реБрдиреНрдЫ рдЕрдУрд╣реЛ рдЕрдм рдХрддрд╛ рдмрд╛рдд рджреЛрд╕ рд▓рдЧрд╛рдо рднрдиреЗрд░ рдЖрдБрдЦрд╛ рддрдиреНрдХрд╛рдЙрдиреЗрдХреЛ рдкрдирд┐ рд╕реБрд░реБ рднреЛ рд╣реЛрд▓рд╛редрдЕрдирд┐ рдиреЗрдкрд╛рд▓реА рд╣рд░реБрдХреЛ рдорди рдЬрд┐рддреНрдиреБ рдд рдЧрд▓реНрддреА рдЬрд╕реНрддреИ рд╣реБрдиреНрдЫ рдпреЛ рдбрд╛рд╣рд╛ рдЧрдиреЗрд╣рд░реБрдХреЛ  рдЬрдорд╛рддреНрд▓рд╛рдЗредрднрдп рд╕рдореНрдордХреЛ рд╢реБрдн рдХрд╛рдордирд╛тЭдтЭдЁЯШШЁЯШШЁЯТРЁЯТРтЭгя╕ПтЭгя╕ПЁЯТХЁЯТХ""",3 stars,0.24528108537197113,Neutral
рдмреИрд╢рд╛рдЦрдХреЛ рдЖрдзрд┐рд╣реБрд░рд┐  рдЭреИ рднрдПрд░ рдкреБрд░реИ рдиреЗрдкрд╛рд▓ рдмрд╕рдиреНрддрдордп рд╣реЛрд╕редЁЯЩПЁЯЩП,5 stars,0.3326635956764221,Very Positive
" voice and presentation.""",4 stars,0.38811182975769043,Positive
" Shanti ra Anjali baini le ЁЯТп% nyaye garnu vako chha.""",1 star,0.3217262923717499,Very Negative
" рдХрдиреНрд╕реЗрдкреНрдЯ рд╕рдмреИ рд░рд╛рдореНрд░реЛ рдЫ ЁЯСМ рд╕рдлрд▓рддрд╛рдХреЛ рд╢реБрднрдХрд╛рдордирд╛ рд╕рдореНрдкреВрд░реНрдг рдЯрд┐рдо рд▓рд╛рдИред""",5 stars,0.60232013463974,Very Positive
" рд╢рд┐рд╡рдо рд╕рд┐рдореЗрдиреНрдЯ рдХреЛ рдкреНрд░рдЪрд╛рд░ рдзреЗрд░реИ рджреЗрдЦрд┐рдпреЛ....рд╕рдореНрдкреБрд░реНрдг рд╕рдХрдореНрднрд░реА рд╕рдореВрд╣ рд▓рд╛рдИ рдмрдзрд╛рдИ рддрдерд╛ рд╢реБрднрдХрд╛рдордирд╛ ЁЯСНя╕ПЁЯСНя╕ПЁЯТРЁЯТР""",5 stars,0.2641690671443939,Very Positive
" and new creation.тЭдя╕ПтЭдя╕П""",5 stars,0.614191472530365,Very Positive
"рдЕрд▓реА рд▓рд┐рдд Best of luck praksh saput bhai""",5 stars,0.4158862233161926,Very Positive
"рд╣рдЬреБрд░рд▓рд╛рдИ рд╕рджреИрдм рдорд╛рдпрд╛ рдЫред""",1 star,0.26227042078971863,Very Negative
" jaha jun thau ma pani Ahile indirect rape huna gareko dekhinx chahe office hos ya aru kunai""",1 star,0.7034158110618591,Very Negative
 рдзрд░реНрдорднрд┐рд░реБрд╣рд░реБрд▓реЗ рдкреНрд░рдЪрд╛рд░ рдЧрд░реНрдиреЗ рдЧрд░реЗрдХреЛ рд▓рдпрд╕рдВрдЧ рд╕рдорд╛рдирд╛рдиреНрддрд░ рдЫ ред рдорддрд▓рд╡ рдзрд░реНрдордорд╛ рдмрд┐рднреЗрдж рдЫреИрди рд╡рд╛ рдзрд░реНрдорд▓реЗ рдХрд╕реИрд▓рд╛рдИ рдмрд┐рднреЗрдж рдЧрд░реНрджреИрди ред,3 stars,0.3366720676422119,Neutral
" yeti dherai muskil halat ma gujrer pani yeti ramro swar diyera geet lai nya dinu Chan chune kura hoina""",1 star,0.4443410336971283,Very Negative
" рд╢рдмреНрдж рд╕рдмреИ рдПрдХреНрджрдо рд░рд╛рдореНрд░реЛ рд▓рд╛рдЧреНрдпреЛ ред""",5 stars,0.4391899108886719,Very Positive
" рдЕрдирд┐ рджреБрдЦрдХрд╛реЗ рдХреБрд░рд╛ рдд рдХреЗ рдЫ рднрдиреЗ репреж% рдмрд▓рддреНрдХрд╛рд░ рдпрд╛ рдирд╛рдЬрд╛рдпрдЬ рдмрдЪреНрдЪрд╛ рдЫрд╛реЗрд░рд┐ рдиреИ рдЬрдиреНрдорд┐рдП рдХрд╛ рд╣реБрдиреНрдЫрдиреН рдпрд╕рдХрд╛реЗ рдорддрд▓рдм рджреИрдм рдкрдирд┐ рдкрдХреНрд╖рдкрд╛рддреА рдЫ рдХрд┐ рдЬрд╕реНрддрд╛реЗ рд▓рд╛рдЧреНрдЫ рдорд▓рд╛рдИ  рддред""",2 stars,0.3928801417350769,Negative
 рдкреНрд░рддрд┐рд▓рд┐рдкрд┐ рдЕрдзрд┐рдХрд╛рд░ рдЬрд╕реНрддрд╛ рд╕рдореНрдкреВрд░реНрдг рдЕрдзрд┐рдХрд╛рд░ рдкреНрд░рдХрд╛рд╢ рд╕рдкреБрддрдореИ рдирд┐рд╣реАрдд рд░рд╣реЗрдХреЛ рдЫ ред,3 stars,0.24469780921936035,Neutral
"  рдмрджрд╛рдИ рдЫ рд╕рд╡реИ рдЬрдирд╛рд▓рд╛рдИ рдЕрд╣рд┐рд▓реЗ рд╕рдореНрдо рдореИрд▓реЗ 10 рдЪреЛрдЯрд┐рдорд╛ рдмрдбрд┐ рд╣реЗрд░рд┐рд╕рдХреЗ ! тЭд""",1 star,0.4718669354915619,Very Negative
"""",3 stars,0.22428537905216217,Neutral
" рдЕрднрд╛рд╡ рд░ рдмрд╛рдзреНрдпрддрд╛рд▓реЗ рдЖрдлреИрдВ рдкрд▓рдкрд▓ рд╡реЗрдЪрд┐рдиреБ рдкрд░реНрдиреЗ рдХрд╣рд┐рд▓реЗ рд╕рдореНрдо ...???? рд╕рдХрдореНрд╡рд░реА рдЬрд╕реНрддрд╛ рд╣рдЬрд╛рд░реМрдБ рдЪреЗрд▓реАрдХреЛ рдкреАрдбрд╛ рд╡реНрдпрдерд╛ рдмреЛрдХреЗрдХреЛ рдЧреАрдд рд╡рд┐рдХреГрдд рд░рд╛рдЬрдиреАрддрд┐рдХреЛ рдЙрдкрдЬ рд╕рдорд╛рдЬрдХреЛ рдпрдерд╛рд░реНрде рдЪрд┐рддреНрд░рдг рдЧрд░реНрдиреБ рднрдПрдХреЛрдорд╛ рдкреНрд░рдХрд╛рд╢рдЬреАрд▓рд╛рдИ рд╕рд▓рд╛рдо рдЫредрдЬрддрд┐ рдкрдЯрдХ рд╣реЗрд░реЗ рдкрдирд┐ рдЖрдБрдЦрд╛рдорд╛ рдЖрдБрд╕реБ рднрд░рд┐рдПрд░ рдЖрдЙрдЫред""",1 star,0.30860865116119385,Very Negative
" рдкреНрд░рддрд╛рдк рджрд╛рд╕ рд╡рд╛ рдХреНрдпрд╛ рдЧрдЬреНрдЬрдмрдХреЛ рдХрд╣рд╛рдиреА рднрдПрдХреЛ рдЧрд┐рдд""",1 star,0.2817234992980957,Very Negative
" wooo your mindтЭдтЭдтЭдтЭд""",5 stars,0.388433039188385,Very Positive
" voice and the expression of Anjali Adhikari is awesome . Will be 3 years in few months but still the favourite oneтЭд""",5 stars,0.7481623291969299,Very Positive
" aatma that hunt every culprit brutally.""",5 stars,0.4377988576889038,Very Positive
"rakchya garun.""",2 stars,0.23501722514629364,Negative
" рдЕрднрд┐рдирдп рдЕрдиреА рдкреНрд░рд╕реНрддреБрддреА ред  рдзрдиреНрдпрд╡рд╛рдж рдЕрдиреА рд╡рдзрд╛рдЗ рдЫ рдкреНрд░рдХрд╛рд╢ рдЬрд┐ рд▓рд╛рдИ ред""",5 stars,0.30284854769706726,Very Positive
"Really hatsup to Prakash Saput brother for ur fabulous concept and lyrics as well as song.Hatsupp to the entire team as wellтЭдя╕ПтЭдя╕П""",5 stars,0.5636304616928101,Very Positive
 ,4 stars,0.2846148908138275,Positive
"рдЬрд╛рддрд┐рдп рдЫреБрд╡рд╛рдЫреБрдд рдХреЛ рдмрд┐рд╖рдп рд▓рд╛рдЗ рд▓рд┐рдПрд░ рд░рдЪрд┐рдПрдХреЛ рдЧрд┐рддрд▓реЗ рд░рд╛рдореНрд░реЛ рд╕рдиреНрджреЗрд╢ рджрд┐рдПрдХреЛ рдЫ""",4 stars,0.38987767696380615,Positive
" рдЦрд░рд╛рдм рдкреНрд░рд╡реГрддреНрддрд┐ рд░ рдПрдЙрдЯрд╛ рдмрд▓рд╛рддреНрдХреГрдд рдирд╛рд░реАрдХреЛ рд╡реНрдпрдерд╛рд▓рд╛рдИ рдЭрд▓реНрдХрд╛рдЙрдиреЗ рдЧреАрдд рдкреНрд░рд╕реНрддреБрдд рдЧрд░реНрдиреБ рднрдПрдХреЛрдорд╛ рджрд╛рдЬреБ рд╣рдЬреБрд░рд▓рд╛рдИ рдзреЗрд░реИ рдзреЗрд░реИ рдзрдиреНрдпрд╡рд╛рджред""",2 stars,0.38867631554603577,Negative
"рдХреЗрдХрд┐ рдЕрдзрд┐рдХрд╛рд░реАрдХреЛ рдЕрднрд┐рдирдп  рд▓рдЧрд╛рдПрдд рд╕рдореНрдкреВрд░реНрдг рдЯрд┐рдорд▓рд╛рдИ рдиреИ рдмрдзрд╛рдИ !!ЁЯЩПЁЯЩПЁЯЗ│ЁЯЗ╡ЁЯЗ│ЁЯЗ╡""",1 star,0.43337664008140564,Very Negative
"рдЖрдлреНрдиреИ vocal рдЖрдлреНрдиреИ рдкреНрд░рд╕реНрддреБрддрд┐ рдЖрдлреНрдиреИ рд╢рдмреНрдж рдЕрдирд┐ рдЖрдлреНрдиреИ рдХрд▓рдХрд╛рд░рд┐рддрд╛!ЁЯОЙрдорд╛рдиреНрдиреИ рдкрд░реНрдЫ рд╕рдмреИрд▓реЗтЭдтЭд""",1 star,0.341971755027771,Very Negative
" equality and same opportunity.. this country belongs to every single citizens and govt. should give them same opportunity.""",5 stars,0.6578050255775452,Very Positive
" рдирд╛рд░рд╛рдпрдг рджрд╛рдЬреБрдХреЛрдд рдХреЗ рдХреБрд░рд╛ред рдкреНрд░рдХрд╛рд╢ рджрдЬреБрд▓рд╛рдЗ рд╕рдлрд▓реНрддрд╛рдХреЛ рд╢реБрднрдХрд╛рдордирд╛ ред рдо рдорд┐рдирд╛рд╢реНрд░реА""",5 stars,0.5214947462081909,Very Positive
"рдпрд╕ рдХреЛ рднрд╛рдЧ реи рдХреЛ рдкреНрд░рддреАрдХреНрд╖рд╛ рдорд╛ рдЫреБ""",4 stars,0.27115392684936523,Positive
" рджреЗрдЦрд╛рд╡рдЯреА рдкрди рдЕрдирд┐ рдЕрд╕реАрдорд┐рдд рдЪрд╛рд╣рд╛рдирд╛рд▓реЗ рд╕рдорд╛рдЬрдорд╛ рдпрд╕реНрддрд╛ рдзреЗрд░реИ рдмрд┐рдХреГрддрд┐ рд░ рдЕрдкрд░рд╛рдз  рдлреИрд▓рд┐рджреИ рдЧрдПрдХреЛ рдЫ рдпрд╕рд▓рд╛рдЗ рдЕрдм рдХрд╕рд░реА рдирд┐рдпрдиреНрддреНрд░рдг рдЧрд░реНрдиреЗ? рддрдкрд╛рдЗрдХреЛ рдПрдЙрдЯрд╛реН рд╕рд╛рдиреЛ рднрд┐рдбрд┐рдпреЛрдорд╛ рд╡рд╕реНрддрд╡рд┐рдХрддрд╛ рдзреЗрд░реИ рдЫ""",2 stars,0.3670461177825928,Negative
"santa haru vannchan bagawan ko charitra lai manuranjan banayo vane tesko nas nischit cha re .""",1 star,0.332470178604126,Very Negative
 рд╡рд┐рднреЗрдж рд░  рдЕрдиреНрдпрд╛рдп рдмрд┐рд░реБрджреНрдз рдЧреАрдд рд╕рд╛рдВрдЧреАрддрдХреЛ рдорд╛рдзреНрдпрдордмрд╛рдЯ рддрд┐рдЦреЛ рдкреНрд░рд╣рд╛рд░ рд░ рддреАрдмреНрд░ рдЧрддрд┐рдорд╛ рдЬрдирдЬрдирдорд╛ рдЕрдирд┐ рдордирдордирдорд╛ рдмрд╕реНрди рд╕рдлрд▓  рдиреЗрдкрд╛рд▓реА рд╕рд╛рдВрдЧреАрддрд┐рдХ рдХреНрд╖реЗрддреНрд░рдХрд╛ рдПрдХ рдкреНрд░рдХрд╛рд╢ рд░ рд╕рдкреВрдд ,5 stars,0.550843358039856,Very Positive
" this video would be viewed and shared in significant amount among these countries if provided with subtitle .""",4 stars,0.21929065883159637,Positive
"рдпреЛ рдХрд╕реНрддреЛ рднрд┐рдбрд┐рдпреЛ рдмрдирд╛рдпреЛ рдпрд╛рд░""",1 star,0.2933695316314697,Very Negative
" рддрдкрд╛рдИрдВрд▓реЗ рдкреНрд░рддрд┐рд▓рд┐рдкрд┐ рдЧрд░реНрдиреЗ рдЬреБрдирд╕реБрдХреИ рдкрд╛рда рдпрд╣рд╛рдБ рд╕реБрд░рдХреНрд╖рд┐рдд рдЧрд░рд┐рдиреЗ рдЫред""",5 stars,0.4087144434452057,Very Positive
" dhanyabaad cha Prakash Saput sir Ra sampurna teamlaiЁЯЩПЁЯЩП""",5 stars,0.22757817804813385,Very Positive
"тЭдтЭд""",5 stars,0.2638106942176819,Very Positive
"2 тЬМтЬМтЬМтЬМ""",2 stars,0.2955757677555084,Negative
"рдЫрд╛рддреА рдЪрд░реНрдХреЛ рдЪрд░рд░ рдордпрд╛рдБ....... рд░реБрдиреНрдЫреБ рдо рдзрд░рд░""",1 star,0.39152857661247253,Very Negative
"tapaeni..?""",1 star,0.34088629484176636,Very Negative
" рд╕рд╛рдереИ рд╕рдореНрдкреБрд░реНрдг рдЯреАрдорд▓рд╛рдИ рдорди рджреЗрдЦрд┐ рдиреИ рдорд╛рдпрд╛ рдПрдмрдо рдореАрдареЛ рдкреНрдпрд╛рд░ ЁЯМ╣ЁЯМ╣""",5 stars,0.6356932520866394,Very Positive
" na vhia yeti ramro music video lai dislike garne ? #nooffence тШоя╕ПЁЯЩП #StopBeingAnimalЁЯЦХ""",1 star,0.5837039351463318,Very Negative
"aba chadai corrode ko views maa pugeko herna paam and best wishes hole team lai""",1 star,0.36826077103614807,Very Negative
";)""",5 stars,0.34909066557884216,Very Positive
" рдЧрд┐рдд рд╕рдВрдЧреАрдд рд░рд╛рдореНрд░рд╛ рдЕрдирд┐ рд╕реНрддрд░реАрдп рдЫреИрдирдиреН рднрдиреНрди рдЦреЛрдЬреЗрдХреЛ рд╣реЛрдИрди; рд╕рдмреИрд▓рд╛рдИ рд╕рдореНрдорд╛рди рдПрд╡рдВ рдЙрддреНрддрд┐рдХреИ рдорд╛рдпрд╛ рдЧрд░реНрдЫреБ ред рддрд░  ...рдкреНрд░рдХрд╛рд╢ рд╕рдкреБрдд рдЬреНрдпреВрдХреЛ """"рдмреЛрд▓ рдорд╛рдпрд╛"""".... рдХрд╛рд▓рдЬрдпреА рдмрдиреЗрдХреЛ рдЫ ред рдиреЗрдкрд╛рд▓реА  рд╕рд╛рдЩреНрдЧрд┐рддрд┐рдХ рдЗрддрд┐рд╣рд╛рд╕рдорд╛ рд╕реНрд╡рд░реНрдг рдЕрдХреНрд╖рд░рдорд╛ рд▓реЗрдЦрд┐рдиреЗ рдЫ ред ....рдкреНрд░рдХрд╛рд╢ рд╕рдкреБрдд рдЬреНрдпреВ рдЕрдирд┐  рд╕рдореНрдкреБрд░реНрдг рдЯрд┐рдорд▓рд╛рдИ рд╣реГрджрдпрджреЗрдЦрд┐ рд╕рд▓рд╛рдо .........ред",3 stars,0.26212799549102783,Neutral
"  vocal n  nice presentation""",4 stars,0.45831239223480225,Positive
" рдЖрдорд╛ рдкреНрд░рддрд┐рдХреЛ рдорд╛рдпрд╛ рджреЗрдЦреЗрд░ ред ЁЯМ╣ЁЯМ╣ЁЯМ╣""",5 stars,0.37050139904022217,Very Positive
"""",3 stars,0.22428537905216217,Neutral
" I would like to listen to such folk songs. Thank you and congratulations to the entire team.""",5 stars,0.6104726195335388,Very Positive
" рддрд░ рдо рдореЗрд░реЛ  рджреЗрд╢ рдкреНрд░рддрд┐ рдЧрд░реНрд╡ рдЫреИрди }""",3 stars,0.3111131489276886,Neutral
"""",3 stars,0.22428537905216217,Neutral
